Column 1,Column 2,作品名,団体名,ねぶた師,題材・人物,やさしい日本語,English,English 確認者,中文（簡体）,中文（簡体）確認者,中文（繁體）,中文（繁體）確認者,韓国語,韓国語　確認者,タグ1（テーマ）,タグ2（メッセージ）,タグ3（シーン）,タグ4（時代背景）,見どころ,画像ファイル名,画像URL,使用許諾,最終確認者,確認日,修正履歴メモ,修正の進捗状況,備考
23,,北方天毘沙門［ほっぽうてんびしゃもん］,プロクレアねぶた実行プロジェクト,野村　昂史,"北方を鎮める毘沙門天。

四天王の一尊として世の安寧を司り、外なる敵のみならず、人の心の内に潜む乱れをも見据える存在。迷い、怒り、欲といった揺らぎはやがて形を持ち、邪鬼として現れる。

それは打ち倒すべきものではなく、誰しもが抱える内なる陰の象徴である。

 

毘沙門天は、その邪鬼に対し力でねじ伏せることなく、一歩も退かず、ただ踏みとどまる。

その在り様が、争いに至らぬ道を静かに示す。

 

宝塔を奪いし邪鬼より、ただ宝のみを取り返し、その身を罰することなく鎮める。

宝塔とは、仏の教え、すなわち揺るがぬ真理と安泰の象徴。

そこにあるのは、対立を生まずして秩序を取り戻す、真に強きものの静けさである。

 

混迷の世にあって、力と力がぶつかり合う中、

なおも争わず、守るという意志。

その揺るがぬ姿こそが、未来を照らす灯となる。",毘沙門天（びしゃもんてん）は、北を守る神様です。毘沙門天は、人々が平和に暮らせるように見守っています。人の心には、迷いや怒り、欲などの悪い気持ちがあります。この作品では、その気持ちを「邪鬼（じゃき）」という姿で表しています。毘沙門天は、邪鬼を強い力で倒そうとはしません。逃げることもせず、落ち着いて向き合います。その姿は、争わずに問題を解決することの大切さを表しています。邪鬼は宝塔（ほうとう）を持っています。宝塔は、仏教の教えや平和の象徴です。毘沙門天は、宝塔だけを取り戻し、邪鬼を傷つけたり罰したりしません。力ではなく、知恵と心の強さで平和を守ることを表しています。このねぶたは、争いの多い時代でも、人を守り、平和を大切にする気持ちを伝えています。,"Bishamonten is a guardian god who protects the north.Bishamonten watches over people so that they can live in peace.People sometimes have negative feelings in their hearts, such as doubt, anger, and desire. In this Nebuta, those feelings are shown as a demon called a jaki.Bishamonten does not try to defeat the demon with force. He does not run away either. Instead, he stands calmly and faces it. This shows the importance of solving problems without fighting.The demon is holding a treasure tower called a hōtō. The treasure tower symbolizes Buddhist teachings and peace.Bishamonten takes back only the treasure tower. He does not hurt or punish the demon. This shows that true strength means protecting peace with wisdom and inner strength, not violence.This Nebuta expresses the wish to protect people and value peace, even in a world full of conflict.",Joy,毗沙门天是守护北方的神。毗沙门天守护人们，让他们能够平安地生活。人的心中有时会有迷惘、愤怒和欲望等不好的情绪。在这座睡魔灯笼中，这些情绪被表现为“邪鬼”的形象。毗沙门天并不是用强大的力量打倒邪鬼。他也没有逃避，而是冷静地面对邪鬼。这个姿态表现了不通过争斗来解决问题的重要性。邪鬼手中拿着一座宝塔。宝塔象征着佛教的教义与和平。毗沙门天只取回宝塔，并没有伤害或惩罚邪鬼。这表现了真正的强大，不是依靠暴力，而是用智慧和内心的力量来守护和平。这座睡魔灯笼表达了即使在充满纷争的世界中，也要守护人们、珍惜和平的愿望。,,毗沙門天是守護北方的神。毗沙門天守護人們，讓他們能夠平安地生活。人的心中有時會有迷惘、憤怒和慾望等不好的情緒。在這座睡魔燈籠中，這些情緒被表現為「邪鬼」的形象。毗沙門天並不是用強大的力量打倒邪鬼。他也沒有逃避，而是冷靜地面對邪鬼。這個姿態表現了不透過爭鬥來解決問題的重要性。邪鬼手中拿著一座寶塔。寶塔象徵著佛教的教義與和平。毗沙門天只取回寶塔，並沒有傷害或懲罰邪鬼。這表現了真正的強大，不是依靠暴力，而是用智慧和內心的力量來守護和平。這座睡魔燈籠表達了即使在充滿紛爭的時代，也要守護人們、珍惜和平的願望。,Joy,"비사문천(毘沙門天)은 북쪽을 지키는 신입니다. 비사문천은 사람들이 평화롭게 살 수 있도록 그들을 지켜보고 있습니다. 사람의 마음에는 망설임이나 분노, 욕심 등 나쁜 마음이 있습니다. 이 작품에서는 그 마음을 '사귀(邪鬼)'라는 모습으로 표현하고 있습니다. 비사문천은 사귀를 강한 힘으로 쓰러뜨리려 하지 않습니다. 도망치지도 않고 침착하게 이를 마주합니다. 그 모습은 다투지 않고 문제를 해결하는 것의 중요성을 나타냅니다. 사귀는 보탑(宝塔)을 가지고 있습니다. 보탑은 불교의 가르침과 평화의 상징입니다. 비사문천은 보탑만을 되찾고 사귀를 다치게 하거나 벌하지 않습니다. 힘이 아니라 지혜와 마음의 강인함으로 평화를 지키는 것을 나타냅니다. 이 네부타는 다툼이 많은 시대에도 사람을 지키고 평화를 소중히 여기는 마음을 전하고 있습니다.",,平和,仏教,守護,時代不特定,邪鬼を力で倒さず、静かに向き合う毘沙門天。怒りではなく落ち着きをたたえた表情と、知恵と心の強さで平和を守る立ち姿に注目。,1_2026_shitae_procrea.png,https://drive.google.com/file/d/1zv5tATk1cm_4c2buYMoe9THZGTOl0q0A/view?usp=drive_link,OK,,,,,
20,,一本松の決闘［いっぽんまつのけっとう］,に組・日本風力開発グループ,北村　隆,"慶長二十年、大阪城落城。炎が舞い、血煙が漂う中、生き延びた浅利萬太郎［あさりまんたろう］。
かつては豊臣家の家臣であったが、城の陥落とともに家族と仲間を守るため、命からがら北へ北へと逃れた。逃れた先は青森の『沖館村』であった。この地は稲作に適していなかった。萬太郎は村の者たちと話し合い、上流の豊かな水源から水を引き込もうとする。しかし、上流には『安田村』があった。萬太郎は暗闇に紛れて密かに水路を掘った。しかし、それに気づいた安田村の者たちとの水争いが始まる。安田村の若き庄屋、田村源兵衛［たむらげんべい］と浅利萬太郎の対立が始まった。
これが『一本松の決闘』と言われる。
互いの命を懸けた戦いであった。萬太郎は、この争いを終わらせる策を提案する。水を分け合い、水の管理を両村で協力して行うというものであった。こうして水争いは終わった。
これは現在の青森市千富町に伝わる『万太郎堰』の物語である。
現在も万太郎堰の脇には一本松が存在する。","慶長20年（1615年）、大阪城は戦いでなくなりました。その時、浅利萬太郎（あさりまんたろう）は農臣家の家臣でした。家族や仲間を守るため、大阪から北へ逃げました。萬太郎がついた場所は、今の青森市にある沖館でした。
昔の沖館は、お米を作るための水が足りませんでした。萬太郎は村の人たちと話し合い、「山の上にある川から水を引こう」考えました。しかし、その上流には安田村がありました。萬太郎は夜に水路を作り始めましたが、安田村の人たちに見つかってしまいました。そして、水をめぐる争いが始まりました。安田村の若い床屋、田村源兵衛（たむらげんべい）と萬太郎は、一つの松の木の前で戦いました。この話は「一本松の決闘（いっぽんまつのけっとう）」と呼ばれています。しかし、萬太郎は「争い続けるより、水を半分ずつ使おう。そして、みんなで水路を守ろう」と提案しました。安田村に人たちも賛成し、争いは終わりました。この話は、今の青森市千富町にある万太郎堰（まんたろうぜき）に
伝わる物語です。","In the 20th year of Keicho (1615), Osaka Castle was fell in a battle. At that time, Mantaro Asari was a retainer of a farming family. To protect his family and friends, he fled north from Osaka. The place Mantaro arrived at was Okidate, located in present-day Aomori City. In the old days, Okidate lacked enough water to grow rice. After discussing the problem with the villagers, Mantaro suggested, ""Let's draw water from a river in the mountains."" However, upstream was Yasuda Village. Mantaro began building a waterway at night, but was discovered by the people of Yasuda Village. Thus, a dispute over water began. A young barber from Yasuda Village, Genbei Tamura, and Mantaro fought in front of a single pine tree. This story is known as the ""Duel at the Lone Pine."" However, Mantaro proposed, ""Rather than continuing to fight, let's use half of the water each. And let's protect the waterway together."" The people of Yasuda Village agreed, and the conflict ended. This story has been passed down through generations and is still told at the Mantaro Weir in Senfumi-cho, Aomori City.",Joy,庆长20年（1615年），大阪城在战争中消失了。当时，浅利万太郎是农臣家的家臣。为了保护家人和同伴，他从大阪逃往北方。万太郎到达的地方是现在青森市的冲馆。以前的冲馆，种稻用的水不够。万太郎和村里的人商量，想出“从山上的河里引水吧”。但是，那条河的上游有安田村。万太郎在夜里开始修筑水道，却被安田村的人发现了。于是，围绕着水的争端开始了。安田村年轻的理发师田村源兵卫和万太郎，在一棵松树前决斗。这个故事被称为“一棵松的决斗”。但是，万太郎提议说：“与其继续争斗，不如我们各用一半的水。然后大家一起来守护水道吧。”安田村的人也赞成了，争端就此结束。这个故事是流传在现在青森市千富町万太郎堰的传说。,,慶長20年（1615年），大阪城在戰爭中消失了。當時，淺利萬太郎是農臣家的家臣。為了保護家人和同伴，他從大阪逃往北方。萬太郎到達的地方是現在青森市的沖館。以前的沖館，種稻用的水不夠。萬太郎和村裡的人商量後，提出「從山上的河裡引水吧」。但是，那條河的上游有安田村。萬太郎在夜裡開始修築水道，卻被安田村的人發現了。於是，圍繞著水的爭端開始了。安田村年輕的理髮師田村源兵衛和萬太郎，在一棵松樹前決鬥。這個故事被稱為「一棵松的決鬥」。但是，萬太郎提議說：「與其繼續爭鬥，不如我們各用一半的水。然後大家一起來守護水道吧。」安田村的人也贊成了，爭端就此結束。這個故事是流傳在現在青森市千富町萬太郎堰的傳說。,Joy,"게이초 20년(1615년), 오사카성은 전투로 사라졌습니다. 아사리 만타로(浅利萬太郎)는 농가 출신 가신이었습니다. 그는 가족과 동료를 지키기 위해 오사카에서 북쪽으로 도망쳤습니다. 만타로가 도착한 곳은 지금의 아오모리시에 있는 오키다테(沖館)였습니다. 옛날 오키다테는 쌀을 재배하기 위한 물이 부족했습니다. 만타로는 마을 사람들과 의논하여 '산 위에 있는 강에서 물을 끌어오자'고 생각했습니다. 하지만 그 상류에는 야스다(安田) 마을이 있었습니다. 만타로는 밤에 몰래 수로를 만들려고 했지만, 야스다 마을 사람들에게 들키고 말았습니다. 그리고 물을 둘러싼 다툼이 시작되었습니다. 야스다 마을의 젊은 이발사 다무라 겐베이(田村源兵衛)와 만타로는 한 그루의 소나무 앞에서 싸웠습니다. 이 이야기는 '한 그루 소나무의 결투(一本松の決闘)'라고 불립니다. 하지만 만타로는 '계속 다투기보다 물을 절반씩 사용하자. 그리고 다 함께 수로를 지키자'고 제안했습니다. 야스다 마을 사람들도 찬성하여 다툼은 끝났습니다. 이 이야기는 지금의 아오모리시 센토미초(千富町)에 있는 만타로제키(万太郎堰)에 전해지는 이야기입니다.",,平和,歴史,戦い,戦国時代,一本松の下で刀を交える二人の緊張感。「争うより水を分け合う」和解へ向かう物語を、決闘の一瞬に凝縮した一台。,2_2026_shitae_nigumi.png,https://drive.google.com/file/d/1flJjAPhFNh8i_tywcGZqw3TANqUFhpZy/view?usp=drive_link,OK,,,,,
8,,女媧と伏羲［じょかとふっき］,NTTグループねぶた,北村　春一,"遠き神話の時代、天は傾き大地は裂け、世界は混沌に包まれていた。そのとき現れたのが、大地の母・女媧［じょか］と、天の理を悟りし聖王・伏羲［ふっき］である。
女媧は五色の石を練り、破れた天を補い、神亀の四つの足をもって四極を立て、再び世界が崩れぬよう大地を支えた。
かくして天地は救われ、人々は生をつなぐことを許された。
一方、伏羲は天を仰いで星の巡りを観、地に伏して山川の理を察し、八卦[はっけ]を定めて陰と陽の道を示した。さらに人々に、結び、分かち、支え合う術を教え、家族と社会の秩序を授けたのである。
女媧が世界を救い、伏羲が世界に理を与えた。
蛇身の二神が尾を絡め円をなす姿は、天と地、陰と陽が調和し、命が巡り続ける宇宙の姿を象徴している。
このねぶたは、混沌を越え、秩序へ至る創生の物語「女媧と伏羲」を顕し、今を生きる私たちに、世界を守り、整え、未来へつなぐ力を問いかけるものである。",とても昔の神話の時代、天が傾き、大地が裂けて、世界は混沌（こんとん）としていました。そのとき現れたのが、大地の母「女媧（じょか）」と、天の道理を知る聖王「伏羲（ふっき）」です。女媧は5色の石を練って、破れた天を直しました。そして、大きな神の亀の4本の足で柱を立てて、世界が崩れないように大地を支えました。こうして天地は救われ、人々は生きていくことができました。伏羲は、天を見上げて星の動きを調べ、地に伏せて山や川の仕組みを調べました。そして「八卦（はっけ）」を定めて、陰と陽の道を示しました。さらに人々に、結ぶこと、分け合うこと、支え合うことを教えて、家族や社会のルールを授けました。女媧が世界を救い、伏羲が世界に道理を与えたのです。蛇の体を持つ二人の神さまが、尾を絡めて円になる姿は、天と地、陰と陽が調和して、命が巡り続ける宇宙を表しています。このねぶたは、世界を守り、整えて、未来へつなぐ力を、今を生きる私たちに問いかけています。,"In ancient mythological times, the heavens tilted, the earth split apart, and the world fell into chaos. It was then that Nuwa, the Mother Goddess of the Earth, and Fuxi, the sage king who understood the laws of heaven, appeared.Nuwa used five-colored stones to repair the broken heavens. She then erected pillars using the four legs of a giant divine turtle to support the earth and prevent the world from collapsing. In this way, heaven and earth were saved, and humanity was able to survive.Fuxi looked up at the sky to observe the movement of the stars and studied the mountains and rivers on the earth. He established the Bagua (Eight Trigrams) and revealed the principles of Yin and Yang. He also taught people how to form bonds, share with one another, and support each other, giving them the foundations of family and society.Nuwa saved the world, while Fuxi brought order and wisdom to it. The two deities, with their serpent bodies and intertwined tails forming a circle, symbolize the harmony of heaven and earth, Yin and Yang, and the eternal cycle of life. This Nebuta invites us to reflect on the power to protect the world, maintain harmony, and pass it on to future generations.",Joy,在很久以前的神话时代，天倾斜，大地裂开，世界处于混沌之中。那时出现的是大地之母“女娲”和知晓天理的圣王“伏羲”。女娲炼了五色石，修补了破裂的天空。然后，用巨大神龟的四条腿立起柱子，支撑住大地以防世界崩塌。就这样天地得救，人们得以生存下去。伏羲仰望天空调查星星的运行，俯伏在地调查山川的构造。然后制定了“八卦”，指明了阴阳之道。此外，他还教导人们结合、分享和互相扶持，赋予了家庭和社会的规则。女娲拯救了世界，伏羲赋予了世界常理。拥有蛇身的两两位神明尾巴交缠成圆的姿态，表现了天地、阴阳调和，生命不断循环的宇宙。这座睡魔灯笼向活在当下的我们，提出了守护世界、整顿并传递给未来的力量之问。,,在很久以前的神話時代，天傾斜，大地裂開，世界處於混沌之中。那時出現的是大地之母「女媧」和知曉天理的聖王「伏羲」。女媧煉了五色石，修補了破裂的天空。然後，用巨大神龜的四條腿立起柱子，支撐住大地以防世界崩塌。就這樣天地得救，人們得以生存下去。伏羲仰望天空調查星星的運行，俯伏在地調查山川的構造。然後制定了「八卦」，指明了陰陽之道。此外，他還教導人們結合、分享和互相扶持，賦予了家庭和社會的規則。女媧拯救了世界，伏羲賦予了世界常理。擁有蛇身的兩位神明尾巴交纏成圓的姿態，表現了天地、陰陽調和，生命不斷循環的宇宙。這座睡魔燈籠向活在當下的我們，提出了守護世界、整頓並傳遞給未來的力量之問。,Joy,"아주 먼 옛날 신화 시대, 하늘이 기울고 대지가 갈라져 세계는 혼돈의 상태였습니다. 그때 나타난 것이 대지의 어머니 '여와(女媧)'와 하늘의 도리를 아는 성왕 '복희(伏羲)'입니다. 여와는 오색의 돌을 반죽하여 찢어진 하늘을 고쳤습니다. 그리고 거대한 신의 거북이의 4개의 다리로 기둥을 세워 세계가 무너지지 않도록 대지를 지탱했습니다. 이렇게 천지는 구원받았고, 사람들은 살아갈 수 있게 되었습니다. 복희는 하늘을 올려다보며 별의 움직임을 살피고, 땅을 보살피며 산과 강의 이치를 조사했습니다. 그리고 '팔괘(八卦)'를 정하여 음과 양의 도를 보여주었습니다. 또한 사람들에게 맺는 것, 나누는 것, 서로 돕는 것을 가르쳐 가족과 사회의 규범을 알려주었습니다. 여와가 세계를 구원하고, 복희가 세계에 도리를 부여한 것입니다. 뱀의 몸을 가진 두 신이 꼬리를 얽어 둥근 원이 되는 모습은, 하늘과 땅, 음과 양이 조화를 이루어 생명이 계속 순환하는 우주를 나타냅니다. 이 네부타는 세계를 지키고 정돈하여 미래로 이어가는 힘을, 지금을 살아가는 우리에게 보여주고 있습니다.",,知恵,神話,守護,中国故事,蛇の体を絡め合い、円を描く二神。天を支える神亀の四本足や五色の石など、天地創造のスケール感が見どころ。,3_2026_shitae_ntt.png,https://drive.google.com/file/d/1M6HF-bk9BhUzp9OIennSbuGJmYO3MBRM/view?usp=drive_link,OK,,,,,
10,,守護の風 志那都比古［しゅごのかぜ しなつひこ］,青森自衛隊ねぶた協賛会,小財　龍玄,"鎌倉時代中期、「蒼き狼」チンギス・カアンの孫であるモンゴル帝国第５代皇帝クビライは、大船団を日本へ派遣し、その征服を試みた。世にいう「蒙古襲来」である。

元の大軍は、対馬、壱岐を瞬く間に蹂躙して博多湾へと姿を現す。これに立ち向かうため、鎌倉幕府は御家人を大宰府に集結させ、上陸する元軍を迎え撃つ。肥後の御家人竹崎季長などの鎌倉武士は、元軍の集団戦法や火薬を用いた武器に苦戦を強いられつつも、粘り強く戦い、敵将を射倒すなど、頑強に抵抗する。

日没を機に元軍は船団へと引き揚げるが、その夜大嵐が到来し、荒れ狂う風に海は沸き立ち、大船団は次々と沈没し、退散を余儀なくされる。この「神風」を吹かせたと云われる神こそ、「志那都比古」である。

ねぶたは、本来無病息災を願う祭りである。五穀豊穣、風水害除け、航海・航空安全、そして国土の安寧を司る神である「志那都比古」が神風を吹かせ、元の大軍を相手に奮戦する鎌倉武士を助けて我が国を守り抜いた場面をねぶたの題材とし、迫り来る脅威に立ち向かい、地域そして国民の安全・安心と平和な暮らしを守る自衛隊の姿と重ね合わせたものである。

紛争の発生によって、不安定かつ不透明なものとなっている国際情勢、頻発する自然災害、物価の高騰などにより、難局の時代を迎えている今日。鎌倉武士の奮闘と志那都比古の加護によって、先人が危機を克服したように、私たちがこの難局を乗り越えるとともに、世界の風廻りが良くなり、ここ青森の地に安寧と豊かな恵みがもたらされることを切に願う。",鎌倉時代、モンゴルの大軍が船で日本に攻めてきました。「蒙古襲来（もうこしゅうらい）」です。鎌倉の武士たちは博多で必死に戦いました。その夜、大きな嵐が来ました。激しい風で敵の船はたくさん沈み、モンゴル軍は帰って行きました。この風は「神風（かみかぜ）」と呼ばれています。この神風を吹かせたと言われる神さまが、風の神「志那都比古（しなつひこ）」です。志那都比古は、豊作や、航海の安全、国の平和を守る神さまです。このねぶたは、志那都比古が神風を吹かせ、武士たちを助けて日本を守った場面です。人々の安全と平和な暮らしを守る自衛隊の姿と重ねています。昔の人が危機を乗り越えたように、私たちも難しい時代を乗り越え、青森に平和と豊かな恵みが来ることを願っています。,"During the Kamakura period, a large Mongolian army attacked Japan by ship. This is the ""Mongol Invasions."" The Kamakura samurai fought desperately in Hakata. That night, a great storm came. Many enemy ships sank due to the fierce winds, and the Mongolian army retreated. This wind is called the ""Kamikaze"" (Divine Wind). The god said to have blown this Kamikaze is the god of wind, ""Shinatuhiko."" Shinatuhiko is a god who protects good harvests, safety in sailing, and the peace of the country. This Nebuta depicts the scene where Shinatuhiko blew the Kamikaze to help the samurai and protect Japan. It also symbolizes the Japan Self-Defense Forces, who protect the safety and peaceful lives of the people today. Just as people in the past overcame crises, we also hope to overcome difficult times and that peace and abundant blessings will come to Aomori.",Joy,镰仓时代，蒙古的大军乘船攻打日本。这就是“蒙古袭来”。镰仓的武士们在博多拼死战斗。那天晚上，来了一场大风暴。猛烈的风使许多敌船沉没，蒙古军就此撤退。这阵风被称为“神风”。据说吹起这阵神风的神明，是风神“志那都比古”。志那都比古是守护丰收、航海安全和国家和平的神明。这座睡魔灯笼表现的是志那都比古吹起神风，帮助武士们守护了日本的场景。这与守护人们安全与和平生活的自卫队的身影重叠。就像古人度过危机一样，我们也希望能度过艰难的时代，并祈愿青森迎来和平与丰富的恩惠。,,鎌倉時代，蒙古的大軍乘船攻打日本。這就是「蒙古襲來」。鎌倉的武士們在博多拚死戰鬥。那天晚上，來了一場大風暴。猛烈的風使許多敵船沉沒，蒙古軍就此撤退。這陣風被稱為「神風」。據說吹起這陣神風的神明，是風神「志那都比古」。志那都比古是守護豐收、航海安全和國家和平的神明。這座睡魔燈籠表現的是志那都比古吹起神風，幫助武士們守護了日本的場景。這與守護人們安全與和平生活的自衛隊的身影重疊。就像古人度過危機一樣，我們也希望能度過艱難的時代，並祈願青森迎來和平與豐富的恩惠。,Joy,"가마쿠라 시대, 몽골의 대군이 배를 타고 일본을 침략했습니다. 이것을 '몽골 습래(蒙古襲来)'라고 합니다. 가마쿠라의 무사들은 하카타에서 필사적으로 싸웠습니다. 그날 밤, 큰 폭풍이 몰아쳤습니다. 거센 바람에 적의 배는 많이 가라앉았고, 몽골군은 퇴각했습니다. 이 바람은 '신풍(神風)'이라고 불립니다. 이 신풍을 불게 한 것으로 알려진 신이 바람의 신 '시나쓰히코(志那都比古)'입니다. 시나쓰히코는 풍작과 항해의 안전, 나라의 평화를 지키는 신입니다. 이 네부타는 시나쓰히코가 신풍을 불게 하여 무사들을 돕고 일본을 지킨 장면입니다. 이는 사람들의 안전과 평화로운 삶을 지키는 자위대의 모습과 겹쳐집니다. 옛사람들이 위기를 극복했듯이, 우리도 어려운 시대를 극복하고 아오모리에 평화와 풍요로운 축복이 오기를 기원하는 마음을 담고 있습니다.",,守護,神話,守護,鎌倉時代,風の袋を操り、蒙古の船を沈める神風の渦。荒れ狂う波と、日本を守る風の神の躍動を体で感じて。,4_2026_shitae_jieitai.png,https://drive.google.com/file/d/1fVS8TxKJAZ41pWOjYPIYZHK0Lg8MEKF3/view?usp=drive_link,OK,,,,,
18,,道成寺［どうじょうじ］,あおもり市民ねぶた実行委員会,北村　麻子,"昔、奥州から熊野詣に来た修行僧安珍［あんちん］は真砂庄司［まなごしょうじ］の一人娘清姫［きよひめ］に一目惚れされた。

清姫の情熱を断り切れない安珍は熊野からの帰りに再び立ち寄る事を約束したが、安珍は来なかった。

怒り狂った清姫は髪を振り乱し大蛇となって安珍を追う。

安珍は道成寺に逃げ込み、寺の吊鐘の中へかくまわれるが、清姫は蛇へと変わりゆく己の身体を吊鐘に巻き付けついには吊鐘諸共、全てを焼き尽くしてしまったという。

この物語を元にした歌舞伎演目『京鹿子娘道成寺［きょうかのこむすめどうじょうじ］』は、女形の最高峰が演じるキャリアの集大成としても知られ、今でも多くの人々に愛され、演じ続けられている。

この題材は自身が修行時代初めてねぶたの下絵として描いた作品であり、それから十数年たった今、再び初心に立ち返ってねぶたと向き合い、これまでお力添えくださった全ての皆様に感謝の気持ちを込め制作するものである。",昔、安珍（あんちん）という若いお坊さんが、熊野へお参りの旅をしていました。旅の途中、清姫（きよひめ）という娘が安珍を好きになりました。安珍は「帰りにまた寄ります」と約束しましたが、来ませんでした。怒った清姫は、髪を振り乱し、大蛇（だいじゃ）に変わって安珍を追いかけました。安珍は道成寺（どうじょうじ）というお寺に逃げ込み、大きな釣り鐘の中に隠れました。しかし清姫は蛇の体を鐘に巻きつけ、火で鐘ごと全部焼いてしまいました。この話をもとにした歌舞伎「京鹿子娘道成寺（きょうかのこむすめどうじょうじ）」は、今も多くの人に愛されています。この題材は、ねぶた師の北村麻子さんが修行時代に初めて下絵に描いた作品です。初心に返り、支えてくれたすべての人への感謝を込めて制作されました。,"Long ago, a young monk named Anchin was on a pilgrimage to Kumano. During his journey, a young woman named Kiyohime fell in love with him. Anchin promised, ""I'll visit you again on my way back,"" but he never returned.Consumed by anger, Kiyohime transformed into a giant serpent and chased after Anchin. He fled to Dojoji Temple and hid inside a large temple bell. However, Kiyohime coiled her serpent body around the bell and engulfed it in flames, burning the bell with Anchin still inside.
The Kabuki play Kyoganoko Musume Dojoji, based on this legend, continues to be loved by audiences today.This was the first design that Nebuta artist Asako Kitamura created during her apprenticeship. It was made as a return to her roots and as an expression of gratitude to everyone who supported her.",Joy,从前，有一位名叫安珍的年轻和尚，正在前往熊野参拜的旅途中。在旅途中，一位名叫清姬的女孩爱上了安珍。安珍答应说：“回程时会再来拜访”，但他却没有来。愤怒的清姬披头散发，化作一条大蛇追赶安珍。安珍逃进了一座名叫道成寺的寺庙，躲在一个大吊钟里。然而，清姬将蛇身缠绕在钟上，用火将整个钟连同安珍一起烧毁了。以这个故事为基础的歌舞伎《京鹿子娘道成寺》，至今仍受到许多人的喜爱。这个题材是睡魔灯笼师北村麻子在修行时代首次画出的草图作品。她回归初心，带着对所有支持她的人的感谢制作了这件作品。,,從前，有一位名叫安珍的年輕和尚，正在前往熊野參拜的旅途中。在旅途中，一位名叫清姬的女孩愛上了安珍。安珍答應說：「回程時會再來拜訪」，但他卻沒有來。憤怒的清姬披頭散髮，化作一條大蛇追趕安珍。安珍逃進了一座名叫道成寺的寺廟，躲在一個大吊鐘裡。然而，清姬將蛇身纏繞在鐘上，用火將整個鐘連同安珍一起燒毀了。以這個故事為基礎的歌舞伎《京鹿子娘道成寺》，至今仍受到許多人的喜愛。這個題材是睡魔燈籠師北村麻子在修行時代首次畫出的草圖作品。她回歸初心，帶著對所有支持她的人的感謝製作了這件作品。,Joy,"옛날, 안친(安珍)이라는 젊은 스님이 구마노(熊野)로 참배 여행을 하고 있었습니다. 여행 도중, 기요히메(清姫)라는 처녀가 안친을 좋아하게 되었습니다. 안친은 '돌아오는 길에 다시 들르겠습니다'라고 약속했지만, 끝내 오지 않았습니다. 화가 난 기요히메는 머리를 풀어 헤치고 큰 뱀으로 변해 안친을 쫓아갔습니다. 안친은 도조지(道成寺)라는 절로 도망쳐 거대한 종 안에 숨었습니다. 하지만 기요히메는 뱀의 몸으로 종을 휘감고, 불을 피워 종을 포함한 모든 것을 태워버렸습니다. 이 이야기를 바탕으로 한 가부키, '교가노코무스메도조지(京鹿子娘道成寺)'는 지금도 많은 사람들에게 사랑받고 있습니다. 이 소재는 네부타 장인 기타무라 아사코(北村麻子) 씨가 수행 시절에 처음 밑그림으로 그린 작품입니다. 초심으로 돌아가, 지지해 준 모든 사람에 대한 감사를 담아 제작되었습니다.",,絆,歌舞伎,別れ,平安時代,髪を振り乱し大蛇へと変わる清姫が、鐘に巻きつく執念の一瞬。炎に包まれる釣り鐘との対比が圧巻。,5_2026_shitae_shimin.png,https://drive.google.com/file/d/1vkf2DHlfRkK7iSGGb0SrlgvEMLjWP-Wq/view?usp=drive_link,OK,,,,,
19,,星の杜 妙見尊星王 伊達の三日月［ほしのもり みょうけんそんしょうおう だてのみかづき］,東北電力ねぶた愛好会,立田　龍宝,"仙台藩の初代藩主で奥州の雄「伊達政宗［だてまさむね］」は、城下を取り巻く環境を整備するため、「天文学」を重視していたとされる。興味深いことに、伊達政宗が築いた「仙台城本丸」を起点として、「大崎八幡宮」「青葉神社」「仙台東照宮」「榴岡天満宮」「愛宕神社」の６つの寺社仏閣を線で結ぶと「カゴメ紋」つまり「六芒星［ろくぼうせい］」の星型となる。これは、仙台の人々を守る結界になっているとも言われている。

「天文学」の礎となったのが、平安時代に活躍した「安倍晴明［あべのせいめい］」の自然哲学思想の「陰陽道［おんみょうどう］」である。月、星の動き、日食、月食の起きる日を観測し、異常時は「天文密奏［てんもんみっそう］」として国家に報告していた。そこで、異常がないようにと信仰されていたのが「妙見菩薩［みょうけんぼさつ］」であり、「北極星」や「北斗七星」を神格化した仏の一つが「妙見尊星王」である。

「妙見尊星王」は「星の王」とも言われており、天体を支配し、国土を守り、災いを除き、福寿を増すということで信仰されてきた。

ねぶたの場面は、戦国武将が信仰していた「妙見信仰」の神格化された「妙見尊星王」が伊達政宗の代名詞となる「三日月の立物が施された左右非対称な兜」を星や月に武運を祈願しており、「北斗七星」を東北六県と新潟の七県に見立て、地域の更なる発展に願いを込めたねぶたである。",伊達政宗（だてまさむね）は、仙台藩の初代藩主です。政宗は町づくりのために、星の学問（天文学）を大切にしました。仙台城と6つの神社やお寺を線で結ぶと、星の形「六芒星（ろくぼうせい）」になります。これは仙台の人々を守る結界（けっかい）と言われています。「妙見尊星王（みょうけんそんしょうおう）」は、北極星や北斗七星を神さまにした仏の一つで、「星の王」と呼ばれます。天体を支配し、国を守り、災いを除き、幸せを増やす神として信仰されてきました。このねぶたは、妙見尊星王が、政宗のシンボルである三日月の兜（かぶと）に、星や月へ武運を祈っている場面です。北斗七星の7つの星を、東北6県と新潟の7つの県に見立てて、地域がもっと発展するように願いを込めています。,"Date Masamune was the founding lord of the Sendai Domain. He valued astronomy and used it in the planning and development of Sendai. If Sendai Castle and six shrines and temples are connected by lines, they form a hexagram. This is said to create a spiritual barrier that protects the people of Sendai.Myoken Sonsho-o is a Buddhist deity associated with the North Star and the Big Dipper, and is known as the ""King of Stars."" He has long been worshipped as a guardian who governs the heavens, protects the nation, wards off disasters, and brings good fortune.This Nebuta depicts Myoken Sonsho-o praying to the stars and the moon for Masamune's victory and good fortune in battle before his famous crescent-moon helmet.The seven stars of the Big Dipper represent the six prefectures of Tohoku and Niigata Prefecture, expressing a wish for the continued prosperity and development of the entire region.",Joy,伊达政宗是仙台藩的第一代藩主。政宗为了建设城镇，非常重视星象学（天文学）。将仙台城与6座神社或寺庙用线连接起来，就会形成“六芒星”的形状。据说这是保护仙台人民的结界。“妙见尊星王”是将北极星和北斗七星神格化的佛之一，被称为“星之王”。他作为支配天体、守护国家、消除灾难、增加幸福的神明而受到信仰。这座睡魔灯笼表现的是妙见尊星王在政宗的象征——新月头盔上，向星星和月亮祈求武运的场景。将北斗七星的7颗星比作东北6县和新潟等7个县，寄托了希望该地区能进一步发展的愿望。,,伊達政宗是仙台藩的第一代藩主。政宗為了建設城鎮，非常重視星象學（天文學）。將仙台城與6座神社或寺廟用線連接起來，就會形成「六芒星」的形狀。據說這是保護仙台人民的結界。「妙見尊星王」是將北極星和北斗七星神格化的佛之一，被稱為「星之王」。他作為支配天體、守護國家、消除災難、增加幸福的神明而受到信仰。這座睡魔燈籠表現的是妙見尊星王在政宗的象徵著新月頭盔上，向星星和月亮祈求武運的場景。將北斗七星的7顆星比作東北6縣和新潟等7個縣，寄託了希望該地區能進一步發展的願望。,Joy,"다테 마사무네(伊達政宗)는 센다이 번의 초대 번주('영주'와 비슷)입니다. 마사무네는 마을 조성을 위해 천문학을 중요시했습니다. 센다이성과 6개의 신사 및 절을 선으로 연결하면 별 모양인 '육망성(六芒星)'이 됩니다. 이는 센다이 사람들을 지키는 결계(結界)라고 일컬어집니다. '묘견존성왕(妙見尊星王)'은 북극성이나 북두칠성을 신으로 삼은 부처 중 하나로, '별의 왕'이라 불립니다. 천체를 지배하고 나라를 지키며, 재앙을 없애고 행복을 늘려주는 신으로 신앙되어 왔습니다. 이 네부타는 묘견존성왕이 마사무네의 상징인 초승달 투구에, 별과 달을 향해 무운을 비는 장면입니다. 북두칠성의 7개의 별을 도호쿠 6현에 니가타를 포함한 7개의 현에 비유하여, 지역이 더욱 발전하기를 바라는 염원을 담고 있습니다.",,守護,仏教,祈り,江戸時代,政宗の三日月の兜に武運を祈る星の王・妙見尊星王。北斗七星と六芒星の輝きに、東北の発展への願いが込められている。,6_2026_shitae_denryoku.png,https://drive.google.com/file/d/1ghL-YKyNxMrbA9-kZ5xkGhR9ha0WXk3U/view?usp=drive_link,OK,,,,,
2,,吉野山 桜下の別れ［よしのやま おうかのわかれ］,日立連合ねぶた委員会,北村　春一,"平氏を討ち果たし、源平合戦の英雄となった源義経であったが、兄・頼朝との不和により、情け容赦なく追われる身となった。

静御前を伴い、逃げ延びた先は桜の爛漫たる吉野山。

しかし、当時の吉野山は女人禁制の峻厳なる修験の場。義経はこれ以上静を連れて行くことは叶わぬと悟り、苦渋の決断をもって別れを告げる。

再会を信じ、武士の誉れである弓を手に愛馬を駆り、孤独な旅路へと踏み出す義経。

その背を見送る静は、愛する人への尽きぬ思いと再会の願いを一振りの舞に込め、桜吹雪が舞い散る中で、涙を呑んで艶やかに舞い踊る。

本作は、たとえ離れていても互いの絆を信じ、消えることのない二人の「熱き鼓動」を表現した。

桜散る刹那の別れは、終わりではなく始まり。
この峻烈な覚悟は、暗雲を切り裂く光となり、まだ見ぬ輝かしき「未来の鼓動」を力強く伝えている。",源義経（みなもとのよしつね）は、平氏との戦いに勝った英雄です。しかし、兄の頼朝（よりとも）と仲が悪くなり、追われる身になりました。義経は、愛する静御前（しずかごぜん）を連れて、桜が満開の吉野山へ逃げました。しかし、当時の吉野山は、女の人が入れない厳しい修行の場でした。義経は、静御前をこれ以上連れて行けないと悟り、つらい別れを決めました。義経は再会を信じて、弓を手に馬に乗り、一人で旅立ちます。静御前は、愛する人への思いと再会の願いを一つの舞に込めて、桜吹雪の中、涙をこらえて美しく舞いました。このねぶたは、離れていても互いの絆を信じる、二人の消えない「熱い鼓動」を表しています。桜の中の別れは終わりではなく、始まり。輝く未来への力強いメッセージです。,"Minamoto no Yoshitsune is a hero who won the battle against the Taira clan. However, he fell out with his older brother, Yoritomo, and became a hunted man. Yoshitsune fled to Mount Yoshino, where the cherry blossoms were in full bloom, taking his beloved Shizuka Gozen with him. However, Mount Yoshino at the time was a strict ascetic training ground where women were not allowed. Realizing he could take Shizuka Gozen no further, Yoshitsune decided on a painful parting. Believing they would meet again, Yoshitsune mounted his horse, bow in hand, and set off alone. Shizuka Gozen put her feelings for her beloved and her wish for a reunion into a single dance, dancing beautifully while holding back tears amidst a blizzard of cherry blossoms. This Nebuta represents the unextinguishable ""passionate heartbeat"" of the two who believe in their bond even when separated. The parting amidst the cherry blossoms is not an end, but a beginning. It is a powerful message toward a shining future.",Anthony,源义经是战胜平氏的英雄。然而，他与哥哥赖朝的关系恶化，成为了被追捕的人。义经带着心爱的静御前，逃到了樱花盛开的吉野山。但是，当时的吉野山是严禁女性进入的严格修行场所。义经明白无法再带着静御前同行，于是做出了痛苦的分手决定。义经相信会再相见，手持弓箭骑上马，独自踏上旅程。静御前将对爱人的思念和重逢的愿望寄托在一支舞中，在樱吹雪中强忍泪水美丽地起舞。这座睡魔灯笼表现了即使相隔两地也相信彼此羁绊的两人，永不磨灭的“热烈心跳”。樱花中的离别不是结束，而是开始。这是对光辉未来的强烈讯息。,,源義經是戰勝平氏的英雄。然而，他與哥哥賴朝的關係惡化，成為了被追捕的人。義經帶著心愛的靜御前，逃到了櫻花盛開的吉野山。但是，當時的吉野山是嚴禁女性進入的嚴格修行場所。義經明白無法再帶著靜御前同行，於是做出了痛苦的分手決定。義經相信會再相見，手持弓箭騎上馬，獨自踏上旅程。靜御前將對愛人的思念和重逢的願望寄託在一支舞中，在櫻吹雪中強忍淚水美麗地起舞。這座睡魔燈籠表現了即使相隔兩地也相信彼此羈絆的兩人，永不磨滅的「熱烈心跳」。櫻花中的離別不是結束，而是開始。這是對光輝未來的強烈訊息。,Anthony,"미나모토노 요시쓰네(源義経)는 헤이시와의 전투에서 승리한 영웅입니다. 하지만 형인 요리토모(頼朝)와 사이가 틀어져 쫓기는 신세가 되었습니다. 요시쓰네는 사랑하는 시즈카고젠(静御前)을 데리고 벚꽃이 만발한 요시노산으로 도망쳤습니다. 하지만 당시의 요시노산은 여성이 들어갈 수 없는 엄격한 수행의 장소였습니다. 요시쓰네는 시즈카고젠을 더 이상 데려갈 수 없음을 깨닫고 괴로운 이별을 결심했습니다. 요시쓰네는 재회를 믿으며 활을 손에 쥐고 말에 올라타 홀로 길을 떠납니다. 시즈카고젠은 사랑하는 사람을 향한 마음과 재회의 염원을 하나의 춤에 담아, 흩날리는 벚꽃 속에서 눈물을 참고 아름답게 춤을 추었습니다. 이 네부타는 떨어져 있어도 서로의 인연을 믿는, 두 사람의 꺼지지 않는 '뜨거운 고동'을 나타냅니다. 벚꽃 속의 이별은 끝이 아닌 시작, 빛나는 미래를 향한 힘찬 메시지입니다.",,絆,歴史,別れ,平安時代,桜吹雪の中の切ない別れ。馬上で旅立つ義経と、涙をこらえて舞う静御前。離れても消えない二人の絆を感じて。,7_2026_shitae_hitachi.png,https://drive.google.com/file/d/1vfwsxVYPCm93poOCAZqEWOHuD5McnmJb/view?usp=drive_link,OK,,,,,
15,,風神 雷神 ～瑞祥の息吹～［ふうじん らいじん ～ずいしょうのいぶき～］,Umios倭武多会,手塚　茂樹,"風袋を担ぎ風を自在に操る風神、連なる太鼓を打ち鳴らし雷光を放つ雷神。

天候を司る二神は畏怖の対象であると同時に、豊穣と吉祥をもたらす恵みの象徴として古来から多くの人々に信仰され、江戸時代の画家 俵屋宗達［たわらやそうたつ］と尾形光琳［おがたこうりん］の「風神雷神図屏風」はそれぞれ日本美術の中で強烈な印象を残している。

ねぶたは、激しく渦巻く烈風で、世の災いを吹き飛ばし、気温上昇した地球の過熱を和らげる風神と、轟く雷鳴の中、天の秩序を力強く体現する雷神の姿である。

異常気象により環境の変化が著しい昨今、荒々しくも荘厳な二神に、大自然の失われた均衡が回復し、希望に満ちた新しい時代が切り開かれることを切に祈るものである。",風神（ふうじん）は、大きな風の袋を担いで、風を自由に操る神さまです。雷神（らいじん）は、つながった太鼓を打ち鳴らして、雷を落とす神さまです。この二人は天気を司る神さまです。怖い存在であると同時に、豊作や幸せを運んでくれる神さまとして、昔から信仰されてきました。江戸時代の画家、俵屋宗達（たわらやそうたつ）と尾形光琳（おがたこうりん）が描いた「風神雷神図屏風（ふうじんらいじんずびょうぶ）」は、日本美術の中でとても有名です。このねぶたは、激しい風で世の中の災いを吹き飛ばし、暑くなった地球を冷ます風神と、雷の音の中で天の秩序を守る雷神の姿です。異常気象が続く今、自然のバランスが元に戻り、希望に満ちた新しい時代が来ることを祈っています。,"Fujin is a god who carries a large bag of wind and freely manipulates the winds. Raijin is a god who beats connected drums to bring down lightning. These two are the gods governing the weather. They have long been worshipped as terrifying beings who also bring good harvests and happiness. The ""Fujin and Raijin Folding Screen"" painted by Edo-period artists Tawaraya Sotatsu and Ogata Korin is highly famous in Japanese art. This Nebuta depicts Fujin blowing away the world's disasters with fierce winds to cool the heated earth, and Raijin maintaining the order of heaven amidst the sound of thunder. In today's continuing extreme weather, it prays for the balance of nature to be restored and a new era full of hope to arrive.",Anthony,风神是扛着大风袋，能自由操纵风的神明。雷神则是敲响相连的太鼓，降下雷电的神明。这两位是掌管天气的神明。祂们既是可怕的存在，同时也是带来丰收与幸福的神明，自古以来就受到信仰。江户时代的画家俵屋宗达和尾形光琳所画的《风神雷神图屏风》，在日本美术中非常有名。这座睡魔灯笼表现的是用狂风吹走世间灾难、冷却变热的地球的风神，以及在雷声中维护天界秩序的雷神之姿。在异常气候持续的现在，祈愿自然平衡能恢复原状，充满希望的新时代能够到来。,,風神是扛著大風袋，能自由操縱風的神明。雷神則是敲響相連的太鼓，降下雷電的神明。這兩位是掌管天氣的神明。祂們既是可怕的存在，同時也是帶來豐收與幸福的神明，自古以來就受到信仰。江戶時代的畫家俵屋宗達和尾形光琳所畫的《風神雷神圖屏風》，在日本美術中非常有名。這座睡魔燈籠表現的是用狂風吹走世間災難、冷卻變熱的地球的風神，以及在雷聲中維護天界秩序的雷神之姿。在異常氣候持續的現在，祈願自然平衡能恢復原狀，充滿希望的新時代能夠到來。,Anthony,"풍신(風神)은 커다란 바람 주머니를 메고 바람을 자유자재로 조종하는 신입니다. 뇌신(雷神)은 이어진 북을 치며 벼락을 내리는 신입니다. 이 두 명은 날씨를 관장하는 신입니다. 무서운 존재임과 동시에, 풍작이나 행복을 가져다주는 신으로서 옛날부터 추앙되어 왔습니다. 에도 시대의 화가 다와라야 소타쓰(俵屋宗達)와 오가타 고린(尾形光琳)이 그린 '풍신뇌신도 병풍(風神雷神図屏風)'은 일본의 미술 중에서도 매우 유명한 작품입니다. 이 네부타는 거센 바람으로 세상의 재앙을 날려버리고 더워진 지구를 식히는 풍신과, 천둥소리 속에서 하늘의 질서를 지키는 뇌신의 모습입니다. 이상 기후가 계속되는 지금, 자연의 균형이 원래대로 돌아오고 희망찬 새로운 시대가 오기를 기도하고 있습니다.",,守護,神話,守護,江戸時代,風の袋と連太鼓を手に、天空で対峙する二神の迫力。宗達・光琳の名画「風神雷神図」がねぶたで動き出す。,8_2026_shitae_umios.png,https://drive.google.com/file/d/1JigvTPGsmG3Itb8YVYupWmAUel_ORJ8a/view?usp=drive_link,OK,,,,,
13,,北海の雄［ほっかいのゆう］,JRねぶた実行プロジェクト,竹浪　比呂央,"日本列島北部周辺、とりわけ北海道の先住民族であるアイヌは、独自の言語を有し、独特の文様による刺繍、行事やまつりで踊られる古式舞踊など、豊かな文化を発展させてきた。アイヌ固有の信仰として、この世のもの全てに魂が宿るという考えも根付いており、事あるごとに神への祈りを捧げ、生きるために必要な動植物の命をいただくにあたっては最高の礼をつくして敬った。中でもヒグマは食用であると同時に特に敬うべき存在で、ヒグマの子を村へ連れてきて育てた後その魂を神々のもとへ送り返す「イヨマンテ」はアイヌの人々にとって重要な儀礼である。

近世以降、アイヌの人々は松前藩に支配され、明治以降も差別的扱いを受けたり和人への同化を強制されたりと長年にわたり苦しい状況下に置かれたが、その是正を求める動きが戦後次第に高まっていき、現在はアイヌの歴史や文化に関する理解の促進および多様な民族の共生を目指す取り組みが進められている。

厳しい環境のなか自然を敬い力強く生きるアイヌの人々を表したこのねぶたは、松前藩家老であり画人でもある蠣崎波響［かきざきはきょう］が描いた《夷酋列像［いしゅうれつぞう］》の中のイニンカリとイコトイ、そして彼らがまとう蝦夷錦から想を得たものである。今年開業十周年の節目を迎えた北海道新幹線が、北海道と本州を結ぶ架け橋として今後もアイヌ文化をはじめとする北方の魅力を広め、沿線の一層の賑わいを創出するよう期待を込めて。",アイヌは、北海道の先住民族です。独自の言葉、美しい模様の刺繍、伝統の踊りなど、豊かな文化を持っています。アイヌの人々は、この世のすべてのものに魂が宿ると考えました。自然を敬い、動物や植物の命をいただくときは、最高の礼をつくしました。特にヒグマは大切な存在です。ヒグマの子を村で育てた後、その魂を神さまの世界へ送り返す「イヨマンテ」という大事な儀式があります。アイヌの人々は、長い間、差別などの苦しい立場に置かれました。今は、アイヌの歴史や文化への理解を深め、いろいろな民族が共に生きる社会を目指す取り組みが進んでいます。このねぶたは、江戸時代の絵「夷酋列像（いしゅうれつぞう）」に描かれたイニンカリとイコトイの姿がもとになっています。開業10周年を迎えた北海道新幹線が、これからも北の魅力を広めていくことを願っています。,"The Ainu are the indigenous people of Hokkaido. They have a rich culture, including their own language, beautiful patterned embroidery, and traditional dances. The Ainu people believed that spirits dwelled in all things in this world. They respected nature and showed the utmost courtesy when taking the lives of animals and plants. Brown bears, in particular, are important beings. There is an important ceremony called ""Iyomante,"" where a brown bear cub is raised in the village, and its spirit is then sent back to the world of the gods. For a long time, the Ainu people were placed in difficult positions, facing discrimination. Today, efforts are underway to deepen the understanding of Ainu history and culture, aiming for a society where various ethnic groups can live together. This Nebuta is based on the figures of Ininkari and Ikotoi depicted in the Edo period painting ""Ishū Retsuzō"" (Portraits of Ezo Chieftains). It hopes that the Hokkaido Shinkansen, which has celebrated its 10th anniversary, will continue to spread the charm of the north.",Anthony,阿伊努人是北海道的原住民族。他们拥有丰富的文化，包括独特的语言、拥有美丽图案的刺绣和传统舞蹈等。阿伊努人认为这世上的一切事物都寄宿着灵魂。他们敬畏自然，在获取动植物的生命时会致以最高的敬意。尤其是棕熊，是十分重要的存在。将棕熊幼崽在村子里养大后，有一个将其灵魂送回神明世界的重要仪式，叫做“熊灵祭（Iyomante）”。很长一段时间里，阿伊努人处于受到歧视等艰苦的境地。现在，人们正在加深对阿伊努历史和文化的理解，努力建立一个多民族共生的社会。这座睡魔灯笼是以江户时代画作《夷酋列像》中描绘的伊宁卡里和伊柯托伊的身影为原型的。祈愿迎来开业10周年的北海道新干线，今后也能继续传播北国的魅力。,,阿伊努人是北海道的原住民族。他們擁有豐富的文化，包括獨特的語言、擁有美麗圖案的刺繡和傳統舞蹈等。阿伊努人認為這世上的一切事物都寄宿著靈魂。他們敬畏自然，在獲取動植物的生命時會致以最高的敬意。尤其是棕熊，是十分重要的存在。將棕熊幼崽在村子裡養大後，有一個將其靈魂送回神明世界的重要儀式，叫做「熊靈祭（Iyomante）」。很長一段時間裡，阿伊努人處於受到歧視等艱苦的境地。現在，人們正在加深對阿伊努歷史和文化的理解，努力建立一個多民族共生的社會。這座睡魔燈籠是以江戶時代畫作《夷酋列像》中描繪的伊寧卡里和伊柯托伊的身影為原型的。祈願迎來開業10週年的北海道新幹線，今後也能繼續傳播北國的魅力。,Anthony,"아이누는 홋카이도의 선(先)주민입니다. 홋카이도는 독자적인 언어, 아름다운 문양의 자수, 전통 춤 등 풍부한 문화를 가지고 있습니다. 아이누 사람들은 이 세상의 모든 것에 영혼이 깃들어 있다고 생각했습니다. 자연을 공경하고 동물이나 식물의 생명을 취할 땐 예의를 다했습니다. 특히 불곰은 소중한 존재입니다. 불곰 새끼를 마을에서 키운 뒤, 그 영혼을 신들의 세계로 돌려보내는 '이오만테'라는 중요한 의식이 있습니다. 옛날 아이누 사람들은 오랫동안 차별 등의 고통스러운 처지에 놓여 있었습니다. 그러나 지금은 아이누의 역사와 문화에 대한 이해를 깊이 하고, 여러 민족이 함께 살아가는 사회를 지향하는 노력이 진행되고 있습니다. 이 네부타는 에도 시대의 그림 '이수열상(夷酋列像)'에 그려진 이닌카리와 이코토이의 모습을 바탕으로 하고 있습니다. 개업 10주년을 맞이한 홋카이도 신칸센이 앞으로도 북방의 매력을 널리 알리기를 바라고 있습니다.",,共生,歴史,祈り,江戸時代,イニンカリとイコトイの凛々しい姿と、細やかな刺繍の文様。自然を敬うアイヌの精神と、多様な文化への敬意を描く。,9_2026_shitae_jr.png,https://drive.google.com/file/d/1V6KYgHgMHnXzf6EBXLhTQF5iWVDGaLee/view?usp=drive_link,OK,,,,,
5,,三国志 鬼神『典韋』［さんごくし きじん『てんい』］,パナソニックねぶた会,北村　蓮明,"典韋は曹操［そうそう］の忠実な護衛隊長で、八十斤の双戟を操る人並みはずれた怪力の持ち主である。

昼間は曹操の傍らに立ち、夜は隣室で休むなど、曹操の側を片時も離れずに職務を続けていた。

197年、宛城の張繍［ちょうしゅう］を討伐。敵が降参したので、いったんは和睦となったが、油断しきっていた曹操の陣営は張繍の奇襲に一気に打ち破られた。典韋は曹操の脱出を助けるとすぐに陣営に取って返し防戦にあたった。

武勇に富む選りすぐりの戦士と共に、敵兵を相手に長戟を振るい、鬼神のごとく敵を次々となぎ倒して行った。

しかし、圧倒的に敵の数は多く、奮戦むなしく全員力尽きてしまったのである。義経をかばって矢を受けた武蔵坊弁慶のような典韋の壮烈な戦闘に、敵も味方も感服し、曹操も涙を流したという。

ねぶたは、門前に仁王立ちし、孤軍奮闘する鬼神典韋の姿である。",典韋（てんい）は、中国の「三国志」に出てくる武将です。曹操（そうそう）を守る護衛隊長で、並外れた力の持ち主でした。昼も夜も、曹操のそばを片時も離れずに守り続けました。197年、敵の張繍（ちょうしゅう）がいったん降参しました。しかし、油断していた曹操の陣営に、張繍が急に攻めてきました。典韋は曹操を逃がした後、すぐに戻って敵と戦いました。選ばれた強い戦士たちと一緒に、長い武器を振るい、鬼神のように敵を次々と倒しました。しかし、敵の数はあまりに多く、典韋たちは力尽きてしまいました。その勇敢な戦いぶりに、敵も味方も感動し、曹操も涙を流したと言われています。このねぶたは、門の前に仁王立ちして、たった一人で戦う鬼神・典韋の姿です。,"Dian Wei is a military general appearing in the Chinese ""Romance of the Three Kingdoms."" He was the captain of the guard protecting Cao Cao and possessed extraordinary strength. Day and night, he guarded Cao Cao, never leaving his side for a moment. In 197, the enemy Zhang Xiu temporarily surrendered. However, Zhang Xiu suddenly attacked Cao Cao's camp when they had let their guard down. After helping Cao Cao escape, Dian Wei immediately returned to fight the enemy. Along with selected strong warriors, he wielded a long weapon and defeated enemies one after another like a fierce god. However, the enemy's numbers were far too great, and Dian Wei and his men exhausted their strength. It is said that both friends and foes were moved by his brave fighting, and even Cao Cao shed tears. This Nebuta depicts the figure of Dian Wei as a fierce god, standing firm in front of the gate and fighting entirely alone.",Anthony,典韦是出现在中国《三国志》中的武将。他是保护曹操的护卫队长，拥有超乎常人的力量。无论日夜，他都片刻不离地守护在曹操身边。公元197年，敌人张绣一度投降。但是，趁着曹操阵营掉以轻心时，张绣突然发动攻击。典韦掩护曹操逃走后，立刻返回与敌人战斗。他与被选拔出的强大战士们一起挥舞着长兵器，如鬼神般将敌人接连击倒。然而，敌人的数量实在太多，典韦等人最终力尽。据说他那勇敢的战斗身姿让敌我双方都深受感动，连曹操也流下了眼泪。这座睡魔灯笼表现了宛如怒目金刚般站在门前、孤身一人战斗的鬼神典韦之姿。,,典韋是出現在中國《三國志》中的武將。他是保護曹操的護衛隊長，擁有超乎常人的力量。無論日夜，他都片刻不離地守護在曹操身邊。西元197年，敵人張繡一度投降。但是，趁著曹操陣營掉以輕心時，張繡突然發動攻擊。典韋掩護曹操逃走後，立刻返回與敵人戰鬥。他與被選拔出的強大戰士們一起揮舞著長兵器，如鬼神般將敵人接連擊倒。然而，敵人的數量實在太多，典韋等人最終力盡。據說他那勇敢的戰鬥身姿讓敵我雙方都深受感動，連曹操也流下了眼淚。這座睡魔燈籠表現了宛如怒目金剛般站在門前、孤身一人戰鬥的鬼神典韋之姿。,Anthony,"전위(典韋)는 중국의 '삼국지'에 나오는 무장입니다. 조조(曹操)를 지키는 호위대장으로, 남다른 힘의 소유자였습니다. 그는 밤낮으로 조조의 곁을 한시도 떠나지 않고 지켰습니다. 197년, 적군인 장수(張繡)가 일단 항복하였지만, 이에 방심했던 조조의 진영에 장수가 갑자기 공격해 왔습니다. 전위는 조조를 도망치게 한 뒤, 즉시 돌아와 적과 싸웠습니다. 엄선된 강한 전사들과 함께 긴 무기를 휘두르며 귀신처럼 적을 차례차례 쓰러뜨렸습니다. 하지만 적의 수가 너무 많아 전위 일행은 힘을 다하고 말았습니다. 그 용감한 싸움에 적도 아군도 감동했고, 조조도 눈물을 흘렸다고 전해집니다. 이 네부타는 문 앞에 홀로 버티고 당당히 맞서 싸우는 귀신 전위의 모습입니다.",,勇気,歴史,戦い,中国故事,門の前にたった一人で仁王立ちし、長い武器を振るう鬼神・典韋。曹操も涙したという壮絶な奮戦を。,10_2026_shitae_panasonic.png,https://drive.google.com/file/d/1KtngcJtPQDcmrHIdqiLpjs0t0NyWQYkb/view?usp=drive_link,OK,,,,,
9,,北天金神 東日流荒吐王［ほくてんのこんじん つがるあらはばきおう］,日本通運ねぶた実行委員会,林　広海,"古代、東日流（津軽）［つがる］の地では獅子神を奉ずるアソベ族と、蛇神を祀るツボケ族が、相争っていた。

神武東征により大和国にて敗れし安日長髄彦［あびながすねひこ］は、遠く北方の東日流へと落ち延びる。安日長髄彦は両神族を統一し、やがて語り継がれる「東日流荒吐王国［つがるあらはばきおうこく］」を築き上げた。

荒吐王国は精鋭の大軍を擁し、幾度も大和国へと進軍、ついには荒吐の血を引く天皇をも擁立したと伝わる。

まさにこの時代、東日流こそ日の本の中心であった。

時は下り鎌倉初期、王家の末裔・安東氏は北の海を制する安東水軍を興し、十三湊［とさみなと］（十三湖）を拠点に覇権を誇った。

しかし、1340年、突如襲った巨大津波により、栄華は一夜にして壊滅。その栄華は波に呑まれ、歴史の闇に封じられたのであった。

本ねぶたは、荒吐国王・安日長髄彦が、獅子神と蛇神を従え、東日流の地より鬼門の結界を打ち破り、いざ大和へ討ち入らんとする勇姿である。",大昔、津軽（つがる）の地には、獅子の神を信じるアソベ族と、蛇の神を信じるツボケ族が住んでいて、争っていました。大和（今の奈良のあたり）での戦いに敗れた安日長髄彦（あびながすねひこ）は、遠い北の津軽へ逃れてきました。安日長髄彦は二つの部族を一つにまとめ、「東日流荒吐王国（つがるあらはばきおうこく）」を作ったと伝えられています。荒吐王国は強い軍を持ち、何度も大和へ攻め込みました。この時代、津軽こそ日本の中心だったと言われます。時代が下って鎌倉時代のはじめ、王家の子孫の安東氏は、北の海を支配する水軍を作り、十三湊（とさみなと、今の十三湖）を拠点に栄えました。しかし1340年、突然大きな津波が襲い、栄えた町は一夜で滅んでしまいました。このねぶたは、王の安日長髄彦が獅子の神と蛇の神を従えて、いざ大和へ攻め込もうとする勇ましい姿です。,"Long ago, the Asobe tribe, who believed in the lion god, and the Tsuboke tribe, who believed in the snake god, lived in the land of Tsugaru and were at war with each other. Abi Nagasunehiko, defeated in a battle in Yamato (around present-day Nara), fled far north to Tsugaru. It is said that Abi Nagasunehiko united the two tribes into one and founded the ""Tsugaru Arahabaki Kingdom."" The Arahabaki Kingdom possessed a strong army and invaded Yamato many times. It is said that during this era, Tsugaru was the center of Japan. Later, at the beginning of the Kamakura period, the Ando clan, descendants of the royal family, created a naval force that controlled the northern seas and prospered with Tosaminato (present-day Lake Jusan) as their base. However, in 1340, a sudden giant tsunami struck, and the prosperous town perished overnight. This Nebuta shows the brave figure of King Abi Nagasunehiko leading the lion god and the snake god, ready to invade Yamato.",Anthony,在很久以前的津轻地区，住着信仰狮子神的阿索贝族和信仰蛇神的兹博克族，他们之间不断争斗。在大和（现在的奈良附近）的战斗中战败的安日长髓彦，逃到了遥远北方的津轻。据说安日长髓彦将两个部族合而为一，建立了“东日流荒吐王国”。荒吐王国拥有强大的军队，曾多次攻打大和。据说在这个时代，津轻才是日本的中心。时代推移到镰仓时代初期，王族子孙的安东氏建立了一支支配北方海域的水军，以十三凑（现在的十三湖）为据点繁荣发展。但是到了1340年，突然遭到巨大海啸的袭击，繁荣的城镇在一夜之间毁灭了。这座睡魔灯笼表现的是国王安日长髓彦率领狮子神和蛇神，正准备攻打大和的勇猛姿态。,,在很久以前的津輕地區，住著信仰獅子神的阿索貝族和信仰蛇神的茲博克族，他們之間不斷爭鬥。在大和（現在的奈良附近）的戰鬥中戰敗的安日長髓彥，逃到了遙遠北方的津輕。據說安日長髓彥將兩個部族合而為一，建立了「東日流荒吐王國」。荒吐王國擁有強大的軍隊，曾多次攻打大和。據說在這個時代，津輕才是日本的中心。時代推移到鎌倉時代初期，王族子孫的安東氏建立了一支支配北方海域的水軍，以十三湊（現在的十三湖）為據點繁榮發展。但是到了1340年，突然遭到巨大海嘯的襲擊，繁榮的城鎮在一夜之間毀滅了。這座睡魔燈籠表現的是國王安日長髓彥率領獅子神和蛇神，正準備攻打大和的勇猛姿態。,Anthony,"아주 먼 옛날, 쓰가루(津軽) 땅에는 사자 신을 믿는 아소베 족과 뱀 신을 믿는 쓰보케 족이 살면서 다투고 있었습니다. 야마토(지금의 나라 주변)에서의 전투에 패배한 아비나가스네히코(安日長髄彦)는 머나먼 북쪽의 쓰가루로 도망쳐 왔습니다. 아비나가스네히코는 두 부족을 하나로 묶어 '도가루아라하바키 왕국(東日流荒吐王国)'을 세웠다고 전해집니다. 아라하바키 왕국은 강한 군대를 가졌고, 여러 번 야마토로 진군했습니다. 이 시대에는 쓰가루야말로 일본의 중심이었다고 일컬어집니다. 시대가 지나 가마쿠라 시대 초, 왕가의 후손인 안도씨(安東氏)는 북쪽 바다를 지배하는 수군을 만들고 주산미나토(十三湊, 지금의 주산호)를 거점으로 번영했습니다. 하지만 1340년, 갑자기 큰 쓰나미가 덮쳐 번영하던 마을은 하룻밤 사이에 멸망하고 말았습니다. 이 네부타는 왕인 아비나가스네히코가 사자 신과 뱀 신을 거느리고 야마토로 전진하는 용맹스러운 모습입니다.",,勇気,民話,戦い,日本神話,獅子の神と蛇の神を従え、大和へ攻め込もうとする王の勇姿。津軽が日本の中心だったという伝説のスケール。,11_2026_shitae_nittsuu.png,https://drive.google.com/file/d/1-kRqQxHUMtibmHdWz0iiNcgBF60beAVn/view?usp=drive_link,OK,,,,,
14,,破邪顕正［はじゃけんしょう］,青森菱友会,竹浪　比呂央,"不動明王［ふどうみょうおう］は五大明王の中心的存在。真言密教［しんごんみっきょう］の最高仏と位置づけられる大日如来［だいにちにょらい］の化身として、全ての悪魔を降伏させるための忿怒［ふんぬ］の相をとる。右手に利剣［りけん］、左手に羂索［けんさく］を持ち、身から激しい炎を出して一切の障害を焼き払う。おそろしい姿でありながら、内に秘めた慈悲の心が国や個人を守るものと考えられ、広く信仰を集めている。

昨今の不穏な世の中に鋭いにらみをきかせ、平和へと導かんとする不動明王。青森菱友会三十五回目の出陣を祝うねぶたである。",不動明王（ふどうみょうおう）は、五大明王の中心の仏さまです。大日如来（だいにちにょらい）という一番位の高い仏さまの化身です。すべての悪を倒すため、怒った顔をしています。右手に鋭い剣、左手に縄を持ち、体から激しい炎を出して、あらゆる災いや障害を焼き払います。恐ろしい姿ですが、心の中には人々を守る優しさ（慈悲）を秘めています。国や人を守る仏さまとして、広く信仰されています。「破邪顕正（はじゃけんしょう）」は、邪悪なものを打ち破り、正しいことを世に示す、という意味です。このねぶたは、不安な世の中に鋭いにらみをきかせ、平和へ導こうとする不動明王の姿です。青森菱友会の35回目の出陣を祝う作品です。,"Fudo Myoo (Acala) is the central Buddha among the Five Great Wisdom Kings. He is an incarnation of Dainichi Nyorai (Vairocana), the highest-ranking Buddha. He has an angry face to defeat all evil. Holding a sharp sword in his right hand and a rope in his left, he emits fierce flames from his body to burn away all disasters and obstacles. Despite his terrifying appearance, he harbors a tender heart (compassion) to protect people. He is widely worshipped as a Buddha who protects the country and its people. ""Haja-Kensho"" means destroying evil and showing the world what is right. This Nebuta is the figure of Fudo Myoo glaring sharply at an uneasy world and trying to guide it toward peace. It is a work celebrating the 35th participation of the Aomori Ryoyukai.",Anthony,不动明王是五大明王中心的佛尊。祂是地位最高的大日如来的化身。为了打倒所有的邪恶，祂面露愤怒。右手拿着锋利的剑，左手拿着绳索，身上散发出猛烈的火焰，烧尽所有的灾难和障碍。虽然外表可怕，但心中却隐藏着保护人们的温柔（慈悲）。祂作为守护国家和人民的佛尊受到广泛的信仰。“破邪显正”的意思是打破邪恶，向世人展示正确的事物。这座睡魔灯笼表现的是在不安的世间投以锐利目光、试图引导世界走向和平的不动明王之姿。这是为了庆祝青森菱友会第35次出阵的作品。,,不動明王是五大明王中心的佛尊。祂是地位最高的大日如來的化身。為了打倒所有的邪惡，祂面露憤怒。右手拿著鋒利的劍，左手拿著繩索，身上散發出猛烈的火焰，燒盡所有的災難和障礙。雖然外表可怕，但心中卻隱藏著保護人們的溫柔（慈悲）。祂作為守護國家和人民的佛尊受到廣泛的信仰。「破邪顯正」的意思是打破邪惡，向世人展示正確的事物。這座睡魔燈籠表現的是在不安的世間投以銳利目光、試圖引導世界走向和平的不動明王之姿。這是為了慶祝青森菱友會第35次出陣的作品。,Anthony,"부동명왕(不動明王)은 5대 명왕의 중심이 되는 부처로서, 대일여래(大日如来)라는 가장 높은 지위를 가졌었습니다. 그는 모든 악을 쓰러뜨리기 위해 화난 얼굴을 하고 있습니다. 오른손에는 날카로운 검, 왼손에는 밧줄을 들고, 몸에서 거센 불꽃을 내뿜으며 모든 재앙이나 장애물을 불태워 버립니다. 무서운 모습이지만 마음속에는 사람들을 지키는 다정함을 간직하고 있습니다. 나라나 사람을 지키는 부처로서 현재에도 널리 추앙받고 있습니다. '파사현정(破邪顕正)'은 사악한 것을 타파하고 올바른 것을 세상에 보여준다는 뜻입니다. 이 네부타는 불안한 세상에 날카로운 눈을 번뜩이며 평화로 이끌고자 하는 부동명왕의 모습입니다. 아오모리 료유카이(青森菱友会)의 35번째 출진을 축하하는 작품입니다.",,正義,仏教,守護,時代不特定,全身から炎を噴き上げ、鋭くにらみをきかせる不動明王。恐ろしい形相の奥に秘めた「人を守る慈悲」を見て。,12_2026_shitae_ryoyukai.png,https://drive.google.com/file/d/1ecWSU1c7akHhZ3YwYVmqUk_RzYEj891O/view?usp=drive_link,OK,,,,,
3,,義賊烈伝 石川五右衛門［ぎぞくれつでん いしかわごえもん］,青森県板金工業組合,北村　春一,"安土桃山時代、時の権力者・豊臣秀吉に反逆した大盗賊、石川五右衛門。

富める者から奪い、貧しい者に分け与える義賊として、庶民の喝采を浴びた男の物語である。

秀吉の暗殺を企てるも露見し、京都三条河原にて「釜茹での刑」に処される。

煮え滾る油の中、五右衛門は自らの苦悶を隠し、愛児・五郎市を頭上に高く掲げ、一刻も長く生かそうと奮闘する。

その眼光は、死を前にしてもなお鋭く、己の信念を貫く男の生き様を、人々の心に深く焼き付けた。

これこそが、世に名高い「釜茹での最期」を描いた一幕である。",石川五右衛門（いしかわごえもん）は、安土桃山時代の有名な大泥棒です。時の権力者・豊臣秀吉（とよとみひでよし）に逆らいました。お金持ちから盗んで、貧しい人に分け与える「義賊（ぎぞく）」として、庶民に人気がありました。五右衛門は秀吉の暗殺を計画しましたが、見つかってしまいました。そして、京都の三条河原で「釜茹（かまゆ）での刑」にされました。煮えたぎる釜の中で、五右衛門は自分の苦しみを隠しました。そして、愛する子どもの五郎市（ごろいち）を頭の上に高く持ち上げ、少しでも長く生かそうとしました。死を前にしても、その目は鋭く、自分の信念を貫きました。その生き様は、人々の心に深く焼き付きました。このねぶたは、有名な「釜茹での最期」の場面です。,"Ishikawa Goemon was a famous master thief of the Azuchi-Momoyama period. He defied Toyotomi Hideyoshi, the ruler of the time. By stealing from the rich and giving to the poor, he became popular among the common people as a “chivalrous thief.” Goemon planned to assassinate Hideyoshi but was discovered. As a result, he was sentenced to the “boiling cauldron execution” at the Sanjo riverbed in Kyoto. Inside the boiling cauldron, Goemon concealed his suffering. He held his beloved child, Goroichi, high above his head, hoping to keep him alive for even a little longer. Even in the face of death, his eyes remained sharp, and he stayed true to his beliefs. His way of life became deeply engraved in the hearts of the people. This Nebuta depicts the famous scene of his “final moments in the boiling cauldron.”",Ming,石川五右卫门是安土桃山时代著名的大盗。他反抗了当时的掌权者丰臣秀吉。由于他从富人那里偷窃并分给穷人，作为一名“义贼”，他很受平民欢迎。五右卫门计划暗杀秀吉，却被发现。随后，他在京都的三条河原被处以“釜煮之刑”。在沸腾的锅中，五右卫门隐藏了自己的痛苦，并将心爱的孩子五郎市高高举过头顶，想让他多活哪怕一会儿。即使面对死亡，他的目光依然锐利，坚持了自己的信念。他的生活方式深深烙印在人们的心中。这座睡魔灯笼表现的是著名的“釜煮的最后”的场景。,,石川五右衛門是安土桃山時代著名的大盜。他反抗了當時的掌權者豐臣秀吉。由於他從富人那裡偷竊並分給窮人，作為一名「義賊」，他很受平民歡迎。五右衛門計畫暗殺秀吉，卻被發現。隨後，他在京都的三條河原被處以「釜煮之刑」。在沸騰的鍋中，五右衛門隱藏了自己的痛苦，並將心愛的孩子五郎市高高舉過頭頂，想讓他多活哪怕一會兒。即使面對死亡，他的目光依然銳利，堅持了自己的信念。他的生活方式深深烙印在人們的心中。這座睡魔燈籠表現的是著名的「釜煮的最後」的場景。,Ming,"이시카와 고에몬(石川五右衛門)은 아즈치 모모야마 시대의 유명한 대도둑입니다. 당시의 권력자 도요토미 히데요시(豊臣秀吉)에게 맞섰습니다. 그는 부자에게서 재산을 훔쳐 가난한 사람에게 나누어 주는 '의적(義賊)'으로서 서민들에게 인기가 있었습니다. 고에몬은 히데요시 암살을 계획했지만 들키고 말았습니다. 그리고 교토의 산조가와라에서 '가마솥에 삶는 형'에 처해졌습니다. 펄펄 끓는 가마솥 안에서 고에몬은 자신의 고통을 숨겼습니다. 그리고 사랑하는 아들 고로이치(五郎市)를 머리 위로 높이 들어 올려 조금이라도 더 오래 살리려 했습니다. 죽음 앞에서도 그의 눈빛은 날카로웠고, 자신의 신념을 관철했습니다. 그 삶의 방식은 사람들의 마음에 깊이 새겨졌습니다. 이 네부타는 유명한 '가마솥에 삶아지는 최후'의 장면입니다.",,正義,歴史,別れ,戦国時代,煮えたぎる釜の中で、我が子を高く掲げる五右衛門。死を前にしても揺るがぬ鋭い眼差しと信念。,13_2026_shitae_bankin.png,https://drive.google.com/file/d/1S1NIzLfInygHi96Cj6kZcxf4KXnXI2-H/view?usp=drive_link,OK,,,,,
1,,歌舞伎十八番之内 暫［かぶきじゅうはちばんのうち しばらく］,公益社団法人青森青年会議所,立田　龍宝,"歌舞伎十八番のひとつである「暫」は、成田屋・市川家代々團十郎が武力と雄弁術を備えた江戸歌舞伎の極みである。

舞台は、鎌倉鶴岡八幡宮。今や、坂東諸国を平定した公家悪・中納言清原武衡［ちゅうなごんきよはらのたけひら］が臣下の鯰坊主の鹿島入道震斉［かしまにゅうどうしんさい］や女鯰の那須妹照葉［なすのいもうとてるは］、腹心の成田五郎（赤っ面）ら、大勢の家来を従い関白宣下の式を挙げようとしていた。

そこへ、加茂次郎義綱［かものじろうよしつな］の婚約者の桂の前一行が「大福帳と掛額を奉納に来る」と言いがかりをつけて、掛額を引き下ろし、腹を出した赤っ面の家来たちに命じ、太刀下と称する善良な男女を斬ろうとしていた。

まさにその時、揚幕の中で、耳をつんざくような大声で「しばらく しばらく しばらく」と声をかけて、主人公の鎌倉権五郎景政［かまくらごんごろうかげまさ］が現れる。まるで凧のような素袍［すおう］を両腕に持ち、柿色に三升の紋が染め抜かれ、六尺以上の大刀を持ち、頭には車海老に似せた車鬢［くるまびん］を被り、力の象徴を表す力紙［ちからがみ］を付け、紅を主体にした筋隈を入れ、花道七三で「つらね（長台詞）」を述べる。

追い返そうとする悪人どもをものともせず、舞台中央に進み武衡に対し、なぜ首を刎ねようとしているのか、誰の許しを得て金冠を被っているのかと、その横暴を責め、朝廷を護る宝刀雷丸と探題の印形を返せと迫る。武衡は家来に命じ景政を捕らえようとしたが、景政は義綱たちをその場から逃がし、大太刀を抜いて大勢の奴の首を次々と斬った。

悔しがる武衡を尻目に善人たちを助けた権五郎は大太刀を肩に「さらば」と大見得を切り、「ヤットコトッチャウントコナ」の掛け声につれて六方を踏んで花道を意気揚々と引きあげる場面のねぶたである。

解説文 立田龍宝",「暫（しばらく）」は、歌舞伎の有名な演目の一つです。市川團十郎（いちかわだんじゅうろう）の家に代々伝わる「歌舞伎十八番」の一つです。舞台は、鎌倉の鶴岡八幡宮（つるがおかはちまんぐう）。悪い貴族の清原武衡（きよはらのたけひら）が、大勢の家来を従えて、罪のない善良な人々を斬ろうとしていました。まさにその時、「しばらく！しばらく！」という耳をつんざくような大声とともに、主人公の鎌倉権五郎景政（かまくらごんごろうかげまさ）が現れます。権五郎は、凧のような大きな袖の衣装を着て、6尺（約180cm）以上の長い刀を持ち、顔には紅色の隈取（くまどり）をしています。権五郎は武衡の横暴を責め、善良な人々を逃がし、大きな刀で悪い家来たちを次々と斬りました。最後は「さらば」と見得を切って、意気揚々と引き上げていきます。このねぶたは、その勇ましい場面を表しています。,"“Shibaraku” is one of the most famous Kabuki plays and is included in the Kabuki Juhachiban (The Eighteen Great Kabuki Plays), which have been passed down through generations in the Ichikawa Danjuro family.

The story is set at Tsurugaoka Hachimangu Shrine in Kamakura. The evil noble Kiyohara no Takehira, accompanied by many retainers, is about to execute innocent people. At that very moment, the hero, Kamakura Gongoro Kagemasa, makes a dramatic entrance with the thunderous cry, “Shibaraku! Shibaraku!” (“Wait! Wait a moment!”).

Gongoro wears a costume with large, kite-like sleeves, carries a sword over 6 shaku (about 180 cm) long, and has striking red kumadori makeup on his face. He denounces Takehira’s tyranny, rescues the innocent people, and cuts down the evil retainers one after another with his great sword.

Finally, he strikes his signature pose, saying “Farewell,” before making a triumphant exit.

This Nebuta depicts this heroic scene.",Ming,**“暂（等一下）”**是歌舞伎的著名剧目之一，也是市川团十郎家族代代相传的“歌舞伎十八番”之一。故事的舞台设在镰仓的鹤冈八幡宫。邪恶的贵族清原武衡率领大批家臣，正准备斩杀无辜善良的人们。就在这时，伴随着震耳欲聋的“等一下！等一下！”喊声，主角镰仓权五郎景政登场了。权五郎身穿袖子如风筝般宽大的服装，手持一把长达6尺（约180公分）以上的大刀，脸上画着红色的隈取脸谱。权五郎斥责武衡的蛮横暴政，让善良的人们趁机逃走，并挥舞大刀接连斩杀邪恶的家臣。最后，他摆出“告辞”的招牌姿势，威风凛凛地退场。这座睡魔灯笼表现的就是这个勇猛的场景。,,「暫（等一下）」是歌舞伎的著名劇目之一，也是市川團十郎家族代代相傳的「歌舞伎十八番」之一。故事的舞臺設在鎌倉的鶴岡八幡宮。邪惡的貴族清原武衡率領大批家臣，正準備斬殺無辜善良的人們。就在這時，伴隨著震耳欲聾的「等一下！等一下！」喊聲，主角鎌倉權五郎景政登場了。權五郎身穿袖子如風箏般寬大的服裝，手持一把長達6尺（約180公分）以上的大刀，臉上畫著紅色的隈取臉譜。權五郎斥責武衡的蠻橫暴政，讓善良的人們趁機逃走，並揮舞大刀接連斬殺邪惡的家臣。最後，他擺出「告辭」的招牌姿勢，威風凜凜地退場。這座睡魔燈籠表現的就是這個勇猛的場景。,Ming,"시바라쿠(暫)'는 가부키의 유명한 공연 종목 중 하나입니다. 이치카와 단주로(市川團十郎) 가문에 대대로 전해지는 '가부키 18번' 중 하나입니다. 무대는 가마쿠라의 쓰루가오카 하치만구(鶴岡八幡宮)입니다. 나쁜 귀족인 기요하라노 다케히라(清原武衡)가 많은 가신을 이끌고 죄 없는 사람들을 베려 하고 있었습니다. 바로 그때, '멈추어라!' 하는 귀를 찢는 듯한 큰 소리와 함께 주인공 가마쿠라 곤고로 카게마사(鎌倉権五郎景政)가 나타납니다. 곤고로는 연처럼 큰 소매가 달린 의상을 입고 6척(약 180cm) 이상의 긴 칼을 들고 있으며, 얼굴에는 붉은색의 구마도리(隈取, 가부키 화장)를 하고 있습니다. 곤고로는 다케히라의 횡포를 꾸짖고 선량한 사람들을 도망치게 한 뒤, 큰 칼로 나쁜 가신들을 차례차례 베었습니다. 마지막에는 '돌아가보겠다' 하며 미에(見得, 가부키의 결정적 포즈)를 취하고 의기양양하게 돌아갑니다. 이 네부타는 그 용맹한 장면을 표현하고 있습니다.",,正義,歌舞伎,勝利,戦国時代,「しばらく！」の大声とともに現れる権五郎。凧のような大袖と紅の隈取、六尺の大刀による見得が歌舞伎の醍醐味。,14_2026_shitae_seinenkai.png,https://drive.google.com/file/d/1hhVPU3rjsjfRGXJq2m2W91l_m2qy10y6/view?usp=drive_link,OK,,,,,
17,,大虎退治 加藤清正一槍［おおとらたいじ かとうきよまさいっそう］,県庁ねぶた実行委員会,大白　我鴻,"加藤清正は、安土桃山時代から江戸時代前期の武将。現在の愛知県西部、尾張国［おわりのくに］に生まれ、幼少の頃から羽柴秀吉（後の豊臣秀吉）に近習として仕えた。

体格が大きく武芸に優れており、1583年の賤ケ岳［しずがたけ］の戦いでは、敵将を打ち破る功績をあげ、「七本槍［しちほんやり］」の一人として数えられるなど、勇猛果敢な武将であった。城づくりの名手でもあり、熊本城をはじめ多くの城の建造に関わった。

1592年に始まった朝鮮出兵の折、山中に構えた清正の陣に巨大な虎が飛び込んできた。大虎は柵を乗り越え、軍馬を宙に投げ飛ばし、家臣を嚙み殺して暗闇に消えていった。

夜が明ける頃、山を取り巻いて虎狩りを始めると、深い竹藪から一匹の大虎が現れ清正に飛びかかる。清正は怯むことなく磨き上げられた十文字槍を手にし、渾身の一突きを繰り出した。",加藤清正（かとうきよまさ）は、安土桃山時代から江戸時代のはじめの武将です。今の愛知県で生まれ、子どものころから豊臣秀吉（とよとみひでよし）に仕えました。体が大きく、武芸が得意で、1583年の賤ケ岳（しずがたけ）の戦いでは、勇敢な「七本槍（しちほんやり）」の一人に数えられました。城づくりの名人でもあり、熊本城など多くの城を造りました。1592年に始まった朝鮮出兵のとき、山の中にあった清正の陣に、巨大な虎が飛び込んできました。虎は柵を乗り越え、軍馬を宙に投げ飛ばし、家来を噛み殺して、闇に消えました。夜が明けるころ、みんなで虎狩りを始めました。すると、深い竹やぶから大きな虎が現れて、清正に飛びかかりました。清正は少しも怯まず、十文字槍（じゅうもんじやり）で渾身の一突きをしました。このねぶたは、その場面です。,"Kato Kiyomasa was a military general active from the Azuchi-Momoyama period to the early Edo period. Born in present-day Aichi Prefecture, he served Toyotomi Hideyoshi from childhood. With his imposing physique and outstanding martial skills, he became one of the famed Seven Spears of Shizugatake after the Battle of Shizugatake in 1583. He was also a renowned castle builder who constructed many castles, including Kumamoto Castle.

During the Japanese invasion of Korea in 1592, a giant tiger suddenly leaped into Kiyomasa’s mountain camp. It jumped over the fence, hurled warhorses into the air, killed several retainers, and vanished into the darkness.

At daybreak, everyone set out to hunt the tiger. Suddenly, it burst out from a dense bamboo grove and sprang at Kiyomasa. Without hesitation, Kiyomasa thrust his cross-shaped spear forward with all his might.

This Nebuta depicts that dramatic moment.",Ming,加藤清正是安土桃山时代至江户时代初期的武将。他出生于现在的爱知县，从小就侍奉丰臣秀吉。他身材高大，武艺高强，在1583年的贱岳之战中，被列为勇敢的“七本枪”之一。他也是著名的筑城名家，建造了熊本城等许多城堡。在1592年开始的朝鲜出兵期间，一只巨大的老虎突然闯入位于山中的清正阵营。老虎越过栅栏，将军马抛向半空，咬死家臣后消失在黑暗中。天亮后，众人开始猎虎。这时，一只大老虎从幽深的竹林中冲出，扑向清正。清正毫不退缩，用十文字枪全力刺出一击。这座睡魔灯笼表现的就是这个场景。,,加藤清正是安土桃山時代至江戶時代初期的武將。他出生於現在的愛知縣，從小就侍奉豐臣秀吉。他身材高大、武藝高強，在1583年的賤岳之戰中，被列為勇敢的「七本槍」之一。他也是著名的築城名家，建造了熊本城等許多城堡。在1592年開始的朝鮮出兵期間，一隻巨大的老虎突然闖入位於山中的清正陣營。老虎越過柵欄，將軍馬拋向半空，咬死家臣後消失在黑暗中。天亮後，眾人開始獵虎。這時，一隻大老虎從幽深的竹林中衝出，撲向清正。清正毫不退縮，用十文字槍全力刺出一擊。這座睡魔燈籠表現的就是這個場景。,Ming,"가토 기요마사(加藤清正)는 아즈치 모모야마 시대부터 에도 시대 초기의 무장입니다. 그는 지금의 아이치현에서 태어나 어릴 때부터 도요토미 히데요시(豊臣秀吉)를 섬겼습니다. 체격이 크고 무예가 뛰어나 1583년 시즈가타케(賤ケ岳) 전투에서는 용감한 '칠본창(七本槍)' 중 한 명으로 꼽혔습니다. 성 축조의 명인이기도 하여 구마모토성 등 많은 성을 지었습니다. 1592년에 시작된 조선 출병 때, 산속에 있던 기요마사의 진영에 거대한 호랑이가 뛰어들었습니다. 호랑이는 울타리를 뛰어넘고 군마를 허공에 내동댕이치며 가신을 물어 죽인 후 어둠 속으로 사라졌습니다. 날이 밝아올 무렵 모두 함께 호랑이 사냥을 시작했습니다. 그러자 깊은 대나무 숲에서 큰 호랑이가 나타나 기요마사에게 덤벼들었습니다. 기요마사는 조금도 겁내지 않고 십자창(十文字槍)으로 혼신의 힘을 다해 한 번 찔렀습니다. 이 네부타는 그 장면입니다.",,勇気,歴史,戦い,戦国時代,竹やぶから飛びかかる大虎に、十文字槍で渾身の一突きを繰り出す清正。一瞬の攻防に張りつめた緊張感。,15_2026_shitae_kenchou.png,https://drive.google.com/file/d/1i7s2ocDJiGk7FVKB3ku8A7lqVPnIs0c5/view?usp=drive_link,OK,,,,,
12,,閻魔王［えんまおう］,青森山田学園,塚本　利佳,"輪廻転生、全ての生き物は亡くなると再び生まれ変わり続けるとされている。

生まれ変わる先が地獄なのか、極楽なのか、それは生前の行いによって決定する。

生前、悪行を働いた者が落とされる世界、地獄。

亡き者は想像を絶する責め苦にあい、もがき苦しむという。

閻魔庁で待ち構える閻魔王は亡き者を裁く十人の裁判官の一人であり、浄玻璃の鏡と人頭杖を持ち、公正な審理のもと裁きを下す。

浄玻璃の鏡は生前の全ての行為が映し出され、人頭杖は嘘を見破り、閻魔王に真を知らせる。閻魔王にはごまかしは効かず、嘘で逃れることはできないのだ。

あなたが浄玻璃の鏡の前に立つ時、果たして何が映るだろうか。

あなたは何を映したいだろうか。

清く正しい心で人生を送ることが、極楽への一歩だという。

ひとりひとりが清く正しい心を持ち合わせていれば、誰も傷つけない。

祈らずとも平和な世の中が訪れるように日々を大切にしたいものである。

人も動物も命はひとつである。

阿弥陀如来は唯一どんなに罪の重い者でも無条件で救うことのできる如来として信仰されている。どうか懸命に生きた沢山の命が極楽浄土に辿り着いていますように。見送りはその極楽浄土の世界を表現したものである。",仏教では、すべての生き物は死ぬと、また生まれ変わると考えられています（輪廻転生・りんねてんせい）。生まれ変わる先が地獄か極楽かは、生きている間の行いで決まります。悪いことをした人が落とされる世界が、地獄です。閻魔王（えんまおう）は、亡くなった人を裁く10人の裁判官の一人です。「浄玻璃の鏡（じょうはりのかがみ）」と「人頭杖（にんとうじょう）」を持って、公正に裁きます。浄玻璃の鏡には、生きている間のすべての行いが映ります。人頭杖は嘘を見破ります。閻魔王に、ごまかしや嘘は通じません。あなたが鏡の前に立つとき、何が映るでしょうか。清く正しい心で生きることが、極楽への一歩です。一人ひとりが正しい心を持てば、誰も傷つけず、平和な世の中になります。ねぶたの見送り（後ろの絵）には、極楽浄土の世界が描かれています。,"In Buddhism, it is believed that all living beings are reborn after death through reincarnation. Whether a person is reborn in Hell or Paradise depends on the deeds they performed during their lifetime. Hell is the realm where those who have committed evil deeds are sent.King Enma is one of the Ten Kings who judge the souls of the deceased. He judges each person fairly while holding the Mirror of Johari and the Human Head Staff. The Mirror of Johari reflects every action a person performed during their lifetime, while the Human Head Staff sees through all lies. Deception and dishonesty cannot fool King Enma.When you stand before the mirror, what will it reflect? Living with a pure and righteous heart is the first step toward Paradise. If everyone lives with a righteous heart, no one will be hurt, and the world will become a more peaceful place.The miokuri (the picture on the back) of this Nebuta depicts the Pure Land of Paradise.",Ming,在佛教中，认为所有生物死后都会再次转生（轮回转世）。转生到地狱还是极乐世界，取决于生前的所作所为。地狱就是做了坏事的人堕落后前往的世界。阎魔王是审判死者的十位裁判官之一。祂手持“净玻璃镜”和“人头杖”，进行公正的审判。净玻璃镜会映照出生前所有的行为，而人头杖则能识破一切谎言。欺瞒和谎言对阎魔王是行不通的。当你站在镜子前时，会映照出什么呢？怀着一颗清纯正直的心生活，是迈向极乐世界的第一步。如果每个人都拥有一颗正直的心，就不会有人受到伤害，世界也会变得更加和平。睡魔灯笼的“见送”（背面的画）描绘了极乐净土的世界。,,在佛教中，認為所有生物死後都會再次轉生（輪迴轉世）。轉生到地獄還是極樂世界，取決於生前的所作所為。地獄就是做了壞事的人墮落後前往的世界。閻魔王是審判死者的十位裁判官之一。祂手持「淨玻璃鏡」和「人頭杖」，進行公正的審判。淨玻璃鏡會映照出生前所有的行為，而人頭杖則能識破一切謊言。欺瞞和謊言對閻魔王是行不通的。當你站在鏡子前時，會映照出什麼呢？懷著一顆清純正直的心生活，是邁向極樂世界的第一步。如果每個人都擁有一顆正直的心，就不會有人受到傷害，世界也會變得更加和平。睡魔燈籠的「見送」（背面的畫）描繪了極樂淨土的世界。,Ming,불교에서는 모든 생물은 죽으면 다시 태어난다고 여겨집니다(윤회사상). 다시 태어나는 곳이 지옥인지 극락인지는 살아있는 동안의 행실로 결정됩니다. 나쁜 짓을 한 사람이 떨어지는 세계가 지옥입니다. 염라대왕(閻魔王)은 죽은 사람을 심판하는 10명의 재판관 중 한 명입니다. '정파리의 거울(浄玻璃の鏡)'과 '인두장(人頭杖)'을 가지고 공정하게 이들을 심판합니다. 정파리의 거울에는 살아있는 동안의 모든 행실이 비칩니다. 인두장은 거짓말을 간파합니다. 염라대왕에게는 속임수나 거짓말이 통하지 않습니다. 당신이 거울 앞에 섰을 때는 무엇이 비칠까요? 맑고 올바른 마음으로 사는 것이 극락으로 가는 첫걸음입니다. 한 사람 한 사람이 올바른 마음을 가지면 아무도 상처 입히지 않고 평화로운 세상이 됩니다. 네부타의 뒷면에는 극락정토의 세계가 그려져 있습니다.,,正義,仏教,裁き,時代不特定,浄玻璃の鏡と人頭杖を手に亡者を裁く閻魔王。鏡に映るあなたの行いを問いかける、迫力ある裁きの場面。,16_2026_shitae_yamada.png,https://drive.google.com/file/d/1QhpwG2fTwDUbuv1JehZUhSqclln-QxpV/view?usp=drive_link,OK,,,,,
21,,鎮西八郎為朝［ちんぜいはちろうためとも］,ねぶた愛好会,諏訪　慎,"平安時代末期、鎮西八郎為朝［ちんぜいはちろうためとも］は、父に勘当され九州へ追放された武将である。並外れた強弓を武器に各地の豪族と戦いその名を九州一帯に轟かせた。

のちに保元の乱で活躍するも、多くの武将が倒れ、味方も散っていったがこの武者は退かない。

たとえただ一人となろうとも、勝敗ではなく誇りを懸けて戦い抜く姿。

その魂は、今なお人々の心を打ち時代を超えて語り継がれている。

ねぶたの二頭の馬は、干支の「午［うま］」に象徴される力強さと前進の意志を表している。

二頭の馬が並び駆ける姿は、為朝の尽きることなき闘志と、逆境にあっても前へ進み続けたその生き様を象徴している。",源為朝（みなもとのためとも）は、平安時代の終わりの武将で、「鎮西八郎（ちんぜいはちろう）」と呼ばれました。父に勘当（かんどう）されて、九州へ追放されました。しかし、並外れて強い弓の腕で各地の豪族と戦い、九州中にその名を轟かせました。のちに「保元（ほうげん）の乱」という戦いでも活躍しました。多くの武将が倒れ、味方が散っていっても、この武者は退きません。たとえたった一人になっても、勝ち負けではなく、誇りをかけて戦い抜きました。その魂は、今も時代を超えて語り継がれています。ねぶたの二頭の馬は、干支（えと）の「午（うま）」が象徴する力強さと、前に進む意志を表しています。二頭の馬が並んで駆ける姿は、為朝の尽きることのない闘志と、逆境でも前へ進み続けた生き様を象徴しています。,"Minamoto no Tametomo was a military general at the end of the Heian period, also known as Chinzei Hachiro. After being disowned by his father, he was exiled to Kyushu. However, thanks to his extraordinary archery skills, he fought against powerful local clans and gained fame throughout Kyushu.

Later, he also played an active role in the Hogen Rebellion. Even as many generals fell and his allies scattered, Tametomo never retreated. Even when he stood alone, he continued to fight with pride, without concern for victory or defeat. His indomitable spirit has continued to inspire people through the ages.

The two horses on this Nebuta represent the strength and determination to move forward, symbolized by the Chinese zodiac sign Horse. Their powerful side-by-side gallop expresses Tametomo’s unyielding fighting spirit and his determination to keep moving forward, even in the face of adversity.",Ming,源为朝是平安时代末期的武将，被称为“镇西八郎”。他被父亲断绝关系，流放到九州。然而，凭借着非凡的箭术，他与各地豪族交战，名声响彻整个九州。后来，他也在“保元之乱”中表现活跃。即使许多武将倒下、友军溃散，他依然没有退缩。哪怕只剩下他一个人，他也不为胜负，只为荣耀而战，直到最后。他的精神至今仍跨越时代，被人们传颂。睡魔灯笼上的两匹马，表现了生肖“马”所象征的力量与勇往直前的意志。两匹马并排奔驰的姿态，象征着源为朝永不枯竭的斗志，以及即使身处逆境，依然不断向前迈进的生活方式。,,源為朝是平安時代末期的武將，被稱為「鎮西八郎」。他被父親斷絕關係，流放到九州。然而，憑藉著非凡的箭術，他與各地豪族交戰，名聲響徹整個九州。後來，他也在「保元之亂」中表現活躍。即使許多武將倒下、友軍潰散，他依然沒有退縮。哪怕只剩下他一個人，他也不為勝負，只為榮耀而戰，直到最後。他的精神至今仍跨越時代，被人們傳頌。睡魔燈籠上的兩匹馬，表現了生肖「馬」所象徵的力量與勇往直前的意志。兩匹馬並排奔馳的姿態，象徵著源為朝永不枯竭的鬥志，以及即使身處逆境，依然不斷向前邁進的生活方式。,Ming,미나모토노 다메토모(源為朝)는 헤이안 시대 말기의 무장으로 '친제이 하치로(鎮西八郎)'라고 불렸습니다. 그는 아버지에게 의절당하고 규슈로 추방되었습니다. 하지만 남다른 활 솜씨로 각지의 호족과 싸우며 규슈 전역에 그 이름을 떨쳤습니다. 나중에 '호겐(保元)의 난'이라는 전투에서도 활약했습니다. 많은 무장이 쓰러지고 아군이 흩어져도 이 무사는 물러서지 않습니다. 설령 단 혼자가 되더라도 승패가 아니라 긍지를 걸고 끝까지 싸웠습니다. 그 영혼은 지금도 시대를 넘어 전해져 오고 있습니다. 네부타의 두 마리 말은 십이지의 '말(午)'이 상징하는 강인함과 앞으로 나아가려는 의지를 나타냅니다. 두 마리 말이 나란히 달리는 모습은 다메토모의 끝없는 투지와 역경 속에서도 앞으로 계속 나아간 삶의 방식을 상징합니다.,,勇気,歴史,戦い,平安時代,味方が散っても退かず、たった一人で戦い抜く為朝。二頭の馬が象徴する、尽きぬ闘志と前へ進む意志。,17_2026_shitae_aikoukai.png,https://drive.google.com/file/d/1oPLzmDqnIAXf0LB-YBozFAVzfNFI_DnF/view?usp=drive_link,OK,,,,,
7,,斑鳩の太子と伎楽面［いかるがのたいしとぎがくめん］,青森市PTA連合会,竹浪　比呂央,"推古天皇の摂政として日本の礎を築き、文化の発展にも尽力した聖徳太子。

推古十二年（六〇四）、官吏に対する心構えとして十七条の憲法を制定した。

第一条の冒頭の句「和を以て貴しと為す」は、和の貴さを述べ、無益な対立をやめ互いに協調し国家の平和を保つべしと説いたものである。

また、大陸から伝来した仏教をわが国の宗教として受容し、第二条では仏教を篤く敬うべしと説いた。

推古二十年（六一二）には、百済［くだら］の味摩之［みまし］が大陸よりもたらした伎楽を保護し、人々に教えさせるなど振興につとめた。

伎楽は中世以降に廃絶したが、その仮面は現存しており、中でも飛鳥時代のものを含む法隆寺［ほうりゅうじ］伝来の仮面は非常に貴重なものとして令和七年（二〇二五）に国宝の指定を受けている。

このように和の思想と新しい文化を取り入れ豊かな国づくりを目指した太子の姿勢が今こそ見直され、世界各地で起こっている戦闘が終結することを切に願い、太子の若き日の姿を伎楽面とともに表現する。

なお本作における太子の装束は、山岸涼子先生の漫画『日出処の天子』に敬意を表し、そのカバーイラストに描かれた色合いを取り入れたものである。",聖徳太子（しょうとくたいし）は、飛鳥時代に日本の国の土台を作った人です。604年に、役人の心構えとして「十七条の憲法」を定めました。第一条の「和を以て貴しと為す（わをもってとうとしとなす）」は、無駄な争いをやめて、互いに協力し、国の平和を守ろう、という教えです。太子は、大陸から伝わった仏教も大切にしました。また、612年には、百済（くだら）から伝わった「伎楽（ぎがく）」という仮面劇を保護し、人々に教えさせました。伎楽は後の時代になくなりましたが、その仮面は今も残っています。法隆寺（ほうりゅうじ）に伝わる仮面は、2025年に国宝になりました。このねぶたは、平和の心と新しい文化を大切にした、若き日の太子を伎楽面とともに表しています。世界各地の戦争が終わることを、心から願う作品です。太子の衣装の色は、山岸涼子さんの漫画『日出処の天子』のイラストへの敬意を込めたものです。,"Prince Shotoku was the man who laid the foundation of Japan during the Asuka period. In 604, he established the ""Seventeen-Article Constitution"" as a set of rules for officials. The first article, ""Harmony is to be valued,"" is a teaching to stop pointless conflicts, cooperate with each other, and protect the country's peace. The Prince also valued Buddhism, which had spread from the continent. In 612, he protected a masked drama called ""Gigaku"" brought over from Baekje and had it taught to the people. Gigaku disappeared in later eras, but its masks remain today. The masks handed down at Horyuji Temple became a national treasure in 2025. This Nebuta depicts the young Prince, who valued a spirit of peace and new culture, together with Gigaku masks. It is a work that sincerely wishes for the end of wars around the world. The color of the Prince's costume is a tribute to the illustrations in Ryoko Yamagishi's manga ""Emperor of the Land of the Rising Sun.""",,圣德太子是在飞鸟时代奠定日本国家基础的人。公元604年，他制定了《十七条宪法》作为官员的心理准备。第一条的“以和为贵”，是教导人们停止无谓的争斗，互相合作，守护国家的和平。太子也重视从大陆传来的佛教。此外，在公元612年，他保护了从百济传来的名为“伎乐”的假面剧，并让人们学习。伎乐在后来的时代虽然消失了，但它的面具至今仍然保留着。流传在法隆寺的面具，在2025年成为了国宝。这座睡魔灯笼将重视和平之心和新文化的年轻太子，与伎乐面具一起表现出来。这是一件打从心底祈愿世界各地战争结束的作品。太子服装的颜色，包含了对山岸凉子的漫画《日出处天子》插图的敬意。,,聖德太子是在飛鳥時代奠定日本國家基礎的人。西元604年，他制定了《十七條憲法》作為官員的心理準備。第一條的「以和為貴」，是教導人們停止無謂的爭鬥，互相合作，守護國家的和平。太子也重視從大陸傳來的佛教。此外，在西元612年，他保護了從百濟傳來的名為「伎樂」的假面劇，並讓人們學習。伎樂在後來的時代雖然消失了，但它的面具至今仍然保留著。流傳在法隆寺的面具，在2025年成為了國寶。這座睡魔燈籠將重視和平之心和新文化的年輕太子，與伎樂面具一起表現出來。這是一件打從心底祈願世界各地戰爭結束的作品。太子服裝的顏色，包含了對山岸涼子的漫畫《日出處天子》插圖的敬意。,,"쇼토쿠 태자(聖徳太子)는 아스카 시대에 일본 국가의 토대를 만든 사람입니다. 604년에는 관리의 마음가짐으로 '17조 헌법'을 제정했습니다. 제1조의 '조화를 가지고 귀하게 여긴다(和を以て貴しと為す)'는 헛된 다툼을 그만두고 서로 협력하여 나라의 평화를 지키자는 가르침입니다. 태자는 대륙에서 전해진 불교도 중요시했습니다. 또한 612년에는 백제에서 전해진 '기악(伎楽)'이라는 가면극을 보존하고 사람들에게 가르치게 했습니다. 기악은 훗날 사라졌지만, 그 가면은 지금도 남아 있습니다. 호류지(法隆寺)에 전해지는 가면은 2025년에 국보가 되었습니다. 이 네부타는 평화의 마음과 새로운 문화를 소중히 한 젊은 날의 태자를 기악 가면과 함께 표현하고 있습니다. 세계 곳곳의 전쟁이 끝나기를 진심으로 바라는 작품입니다. 태자의 의상 색상은 야마기시 료코 씨의 만화 '해 뜨는 곳의 천자' 일러스트에 대한 경의를 담은 것입니다.",,平和,歴史,祈り,平安時代,伎楽面とともに描かれる若き日の太子。「和を以て貴しと為す」平和の心と、世界の戦争終結への祈りを込めた一台。,18_2026_shitae_pta.png,https://drive.google.com/file/d/1bFn9RkS4u2BOtzecU4OpJg6fC8UOXQQy/view?usp=drive_link,OK,,,,,
11,,狐忠信［きつねただのぶ］,ヤマト運輸ねぶた実行委員会,北村　隆,"その昔、桓武天皇の頃、雨乞いをするため大和の国の千年生きながらえているという雌狐と雄狐を狩り、その皮で作った鼓を打つとたちまち雨が降り出したという。この鼓が「初音の鼓」である。

京から落ち延びることになった義経に同行を許されず、初音の鼓とともに桜の木に縛られ一人取り残された静御前は鎌倉から追っ手 逸見藤太［はやみとうた］に襲われるが、遅れて現れた義経の家来・佐藤忠信［さとうただのぶ］によって助けられる。

実はこの佐藤忠信は鼓の皮とされた両親を慕う小狐（狐忠信）が佐藤忠信の姿を借りて鼓に付き添っていたのであった。

場面は伏見稲荷で小狐が佐藤忠信に化け、初音の鼓に寄り添う姿である。",昔、桓武天皇のころ、雨乞い（あまごい）のために、千年生きた雌と雄の狐が狩られました。その皮で作った鼓（つづみ）を打つと、たちまち雨が降ったそうです。この鼓が「初音（はつね）の鼓」です。源義経（みなもとのよしつね）は、京から逃げるとき、恋人の静御前（しずかごぜん）を連れて行くことができませんでした。静御前は初音の鼓とともに一人残され、鎌倉からの追っ手に襲われます。そこへ、義経の家来の佐藤忠信（さとうただのぶ）が現れて、静御前を助けました。しかし実は、この忠信は本物ではありませんでした。鼓の皮にされた両親を慕う小狐が、忠信の姿に化けて、鼓のそばについてきていたのです。このねぶたは、伏見稲荷（ふしみいなり）で、小狐が忠信に化けて、初音の鼓に寄り添う場面です。,"A long time ago, around the time of Emperor Kanmu, a male and a female fox that had lived for a thousand years were hunted for a rainmaking ritual. It is said that when the drum made from their skin was struck, it immediately began to rain. This drum is the ""Hatsune Drum."" When Minamoto no Yoshitsune fled from the capital, he could not take his lover, Shizuka Gozen, with him. Shizuka Gozen was left alone with the Hatsune Drum and was attacked by pursuers from Kamakura. There, Yoshitsune's retainer, Sato Tadanobu, appeared and saved Shizuka Gozen. But in truth, this Tadanobu was not the real one. A little fox, yearning for its parents whose skins were used for the drum, transformed into the figure of Tadanobu and followed closely to the drum. This Nebuta depicts the scene at Fushimi Inari where the little fox transforms into Tadanobu and stays close to the Hatsune Drum.",Sophia,从前，在桓武天皇的时代，为了祈雨，猎杀了一对活了千年的雌雄狐狸。据说敲击用它们的皮制成的鼓，立刻就下起了雨。这个鼓就是“初音之鼓”。源义经从京城逃走时，无法带走恋人静御前。静御前与初音之鼓一起被单独留下，遭到了来自镰仓的追兵袭击。就在这时，义经的家臣佐藤忠信出现并救了静御前。但实际上，这个忠信并不是本人。一只思念着被做成鼓皮的父母的小狐狸，化身为忠信的模样，跟随在鼓的身边。这座睡魔灯笼表现的是在伏见稻荷，小狐狸化身为忠信，依偎在初音之鼓旁的场景。,,從前，在桓武天皇的時代，為了祈雨，他們獵殺了一對活了數千年的雌雄狐狸。據說敲擊用牠們的皮製成的鼓，天空就會立刻下起雨。這個鼓就是「初音之鼓」。源義經從京城逃走時，無法帶走戀人靜御前。靜御前與初音之鼓一起被單獨留下，遭到了來自鎌倉的追兵襲擊。就在這時，義經的家臣佐藤忠信出現並救了靜御前。但實際上，這個忠信並不是本人。一隻思念著被做成鼓皮的父母的小狐狸，化身為忠信的模樣，跟隨在鼓的身邊。這座睡魔燈籠表現的是在伏見稻荷，小狐狸化身為忠信，依偎在初音之鼓旁的場景。,Sophia,"옛날, 간무 천황(桓武天皇) 때 기우제(雨乞い)를 위해 천 년을 산 암컷과 수컷 여우가 사냥당했습니다. 그 가죽으로 만든 북을 치자 순식간에 비가 내렸다고 합니다. 이 북이 '하쓰네(初音)의 북'입니다. 미나모토노 요시쓰네(源義経)는 교토에서 도망칠 때 연인인 시즈카고젠(静御前)을 데려갈 수 없었습니다. 시즈카고젠은 하쓰네의 북과 함께 홀로 남겨져 가마쿠라에서 온 추격자들에게 습격당합니다. 그때 요시쓰네의 가신인 사토 다다노부(佐藤忠信)가 나타나 시즈카고젠을 구했습니다. 하지만 사실 이 다다노부는 진짜가 아니었습니다. 북 가죽이 된 부모를 그리워하는 어린 여우가 다다노부의 모습으로 둔갑하여 북 곁을 따라왔던 것입니다. 이 네부타는 후시미 이나리(伏見稲荷)에서 어린 여우가 다다노부로 둔갑하여 하쓰네의 북에 다가가는 장면입니다.",,絆,歌舞伎,冒険,平安時代,佐藤忠信に化けた小狐が、両親の皮でできた初音の鼓に寄り添う切なさ。伏見稲荷の幻想的な場面。,19_2026_shitae_yamato.png,https://drive.google.com/file/d/1t-SfILS4YmA-nGEvqvRxk5hNoKYLg3Va/view?usp=drive_link,OK,,,,,
22,,怪談 耳無し芳一［かいだん みみなしほういち］,私たちのねぶた自主製作実行委員会,相馬我鵬と私たち一同,"昔、赤間ヶ関（下関）の阿弥陀寺に芳一という目の見えない琵琶法師がいた。平家物語の弾き語りが大変上手で、特に壇ノ浦の合戦の場面は人々を深く感動させ、多くの者が聞き入った。

夏のある夜、武士が現れ、高貴な主君が芳一の琵琶を聞きたがっていると言っているので、芳一を屋敷へ連れて行く。広間には多くの人が集まっている気配がした。芳一が平家物語を語ると、人々はしみじみと泣き、主君も大いに喜びそれから毎晩のように呼ばれるようになる。

芳一が夜ごと姿を消すことを不審に思った住職が弟子に後をつけさせると、そこは屋敷ではなく、平家一門の墓が並ぶ墓場であり、芳一は墓の前に座り、無数の鬼火が舞う中、亡霊たちに向かって琵琶を弾いていた事が判明する。

住職は、芳一が平家の亡霊に命を奪われる事を恐れ、亡霊から身を隠すためのまじないとして、芳一の全身にお経を書きつけ、迎えが来ても決して声を出さず動かないよう命じる。しかし慌てていた為、耳だけは経文を書き忘れてしまう。

その夜、迎えに来た亡霊には、耳だけが闇の中に浮かんで見えた為、迎えに来た証拠にと芳一の両耳を引きちぎり去ってしまう。

朝になって様子を見に来た住職はかわいそうな事をしたと詫び、手厚く手当てをした。傷が癒えた芳一は、もう亡霊に憑かれる事も無く、芳一の琵琶はますます評判になりいつしか「耳無し芳一」と呼ばれるようになったのである。",昔、下関のお寺に、芳一（ほういち）という目の見えない琵琶法師（びわほうし）がいました。平家物語の弾き語りがとても上手で、特に壇ノ浦（だんのうら）の戦いの場面は、聞く人を深く感動させました。夏のある夜、武士が現れて、「主君が琵琶を聞きたがっている」と、芳一を屋敷へ連れて行きました。芳一が語ると、人々はしみじみと泣き、それから毎晩呼ばれるようになりました。不思議に思った住職が調べると、そこは屋敷ではなく、平家一門のお墓でした。芳一は毎晩、無数の鬼火の中で、亡霊たちに琵琶を弾いていたのです。住職は芳一を守るため、体中にお経を書きました。しかし、耳にだけ書き忘れてしまいました。その夜、亡霊には耳だけが見えました。亡霊は証拠にと、芳一の両耳を引きちぎって持って行きました。傷が治った芳一に、もう亡霊は現れませんでした。芳一の琵琶はますます評判になり、「耳無し芳一」と呼ばれるようになりました。,"A long time ago, at a temple in Shimonoseki, there was a blind biwa hoshi (lute priest) named Hoichi. He was highly skilled at chanting ""The Tale of the Heike"" accompanied by his lute, and his rendition of the Battle of Dan-no-ura, in particular, deeply moved those who heard it. One summer night, a samurai appeared and said, ""My lord wishes to hear your biwa,"" taking Hoichi to a mansion. When Hoichi chanted, the people wept bitterly, and from then on, he was called there every night. The chief priest found this strange and investigated, discovering that it was not a mansion, but the graveyard of the Heike clan. Every night, Hoichi had been playing the biwa to ghosts amidst countless will-o'-the-wisps. To protect Hoichi, the chief priest wrote sutras all over his body. However, he forgot to write them on his ears. That night, the ghost could only see the ears. As proof of his visit, the ghost tore off both of Hoichi's ears and took them. After his wounds healed, the ghosts never appeared to Hoichi again. Hoichi's biwa playing became increasingly famous, and he came to be known as ""Earless Hoichi.""",Sophia,从前，在下关的一座寺庙里，有一位名叫芳一的盲眼琵琶法师。他非常擅长自弹自唱《平家物语》，特别是坛之浦之战的场景，深深感动了听众。某个夏天的夜晚，一位武士出现，说“主公想听琵琶”，将芳一去了一座宅邸。芳一演唱时，人们潸然泪下，从那之后他每晚都被叫去。觉得奇怪的住持调查后发现，那里根本不是宅邸，而是平家一族的坟墓。原来芳一每晚都在无数的鬼火中，弹琵琶给亡灵们听。住持为了保护芳一，在他全身上下写满了经文。但是，唯独忘记写在耳朵上。当天晚上，亡灵只看得到耳朵。为了作为证据，亡灵扯下了芳一的双耳带走。伤口痊愈后，亡灵再也没有出现在芳一面前。芳一的琵琶名气越来越大，被人们称为“无耳芳一”。,,從前，在下關的一座寺廟裡，有一位名叫芳一的盲人琵琶法師。他非常擅長自彈自唱《平家物語》，特別是演奏壇之浦之戰的場景，總能深深感動聽眾。某個夏天的夜晚，一位武士出現，說「主公想聽琵琶」，並將芳一帶去了一座宅邸。芳一演唱時，人們潸然淚下，從那之後他每晚都被叫去。感到奇怪的住持經過調查後發現，那裡根本不是宅邸，而是平家一族的墳墓。原來芳一每晚都在無數的鬼火中，彈琵琶給亡靈們聽。住持為了保護芳一，在他全身上下寫滿了經文。但是，唯獨忘記寫在耳朵上。當天晚上，亡靈只看得到耳朵。為了作為證據，亡靈扯下了芳一的雙耳帶走。傷口痊癒後，亡靈再也沒有出現在芳一面前。芳一的琵琶名氣越來越大，被人們稱為「無耳芳一」。,Sophia,"옛날, 시모노세키의 절에 호이치(芳一)라는 앞이 보이지 않는 비파법사(琵琶法師)가 있었습니다. 그는 헤이케 모노가타리(平家物語)의 비파를 타며 부르는 솜씨가 매우 뛰어나, 특히 단노우라(壇ノ浦) 전투 장면은 듣는 사람에게 깊은 감동을 주었습니다. 어느 여름밤, 무사가 나타나 '주군이 비파 소리를 듣고 싶어 하신다'며 호이치를 저택으로 데려갔습니다. 호이치가 이야기를 부르자 사람들은 감격해 울었고, 그 후로 매일 밤 불려가게 되었습니다. 이를 이상하게 여긴 주지 스님이 조사해 보니, 그곳은 저택이 아니라 헤이케 일문의 무덤이었습니다. 호이치는 매일 밤 무수한 도깨비불 속에서 망령들에게 비파를 연주해 주고 있었던 것입니다. 주지 스님은 호이치를 지키기 위해 온몸에 불경을 썼습니다. 하지만 귀에만 쓰는 것을 깜빡하고 말았습니다. 그날 밤, 망령에게는 귀만 보였습니다. 망령은 증거로 삼겠다며 호이치의 양귀를 뜯어 가져갔습니다. 상처가 나은 호이치에게 더 이상 망령은 나타나지 않았습니다. 호이치의 비파는 더욱 평판이 좋아져 '귀 없는 호이치'라고 불리게 되었습니다.",,勇気,民話,祈り,日本神話,無数の鬼火の中、平家の亡霊たちに琵琶を弾く芳一。亡霊が渦巻く、ぞくりとする怪談の世界。,20_2026_shitae_watakushi.png,https://drive.google.com/file/d/1llGF8BCtKwwY3cJhO4kEg8qnJuQcGP5b/view?usp=drive_link,OK,,,,,
6,,草薙の剣［くさなぎのつるぎ］,二分団ねぶた会・アサヒビール,内山　龍星,"日本武尊［やまとたける］は父・景行天皇［けいこうてんのう］から西の部族の征伐を命じられ、九州の熊襲武尊［くまそたける］兄弟と出雲建［いずもたける］を倒して戻った。

次に東にある１２の国の荒ぶる神と朝廷に服従しない者達の平定を命じられた。

日本武尊は伊勢に赴き叔母の倭姫命［やまとひめのみこと］に父親が過酷な命令をする事を相談した。

倭姫命は嘆き悲しむ日本武尊に名剣と火打石入りの袋を渡した。

やがて相模国に辿り着いた時、地方を治める官職の国造［くにのみやつこ］が、言葉巧みに日本武尊を野に誘い出し、火を放ち殺そうと企んだ。

進退きわまった日本武尊は剣を抜き辺り一帯の草を薙ぎ払い、火打石で向かい火を放ち、国造らをすべて斬り滅ぼし荒ぶる神々をすべて平定した。

この出来事が「草薙の剣」の由来になったと言われる。",日本武尊（やまとたける）は、日本の神話の英雄です。父の景行天皇（けいこうてんのう）に命じられて、九州の熊襲（くまそ）の兄弟や出雲建（いずもたける）を倒しました。次に、東にある12の国を平定するよう命じられました。日本武尊は伊勢へ行き、叔母の倭姫命（やまとひめのみこと）に、父の厳しい命令のことを相談しました。倭姫命は、名剣と火打ち石の入った袋を渡しました。やがて相模の国（今の神奈川のあたり）に着いたとき、その土地を治める役人が、言葉巧みに日本武尊を野原に誘い出し、火をつけて殺そうとしました。追い詰められた日本武尊は、剣を抜いて周りの草をなぎ払いました。そして火打ち石で向かい火をつけて、敵をすべて倒しました。この出来事が、三種の神器の一つ「草薙の剣（くさなぎのつるぎ）」の名前の由来と言われています。,"Yamato Takeru is a hero in Japanese mythology. On the orders of his father, Emperor Keiko, he defeated the Kumaso brothers in Kyushu and Izumo Takeru. Next, he was ordered to pacify the 12 countries in the east. Yamato Takeru went to Ise and consulted his aunt, Yamatohime-no-Mikoto, about his father's harsh orders. Yamatohime-no-Mikoto handed him a famous sword and a bag containing a flint. Eventually, when he arrived in the province of Sagami (around present-day Kanagawa), the local official cleverly lured Yamato Takeru into a field and tried to kill him by setting it on fire. Cornered, Yamato Takeru drew his sword and mowed down the surrounding grass. Then he used the flint to light a counter-fire and defeated all his enemies. This incident is said to be the origin of the name of the ""Kusanagi-no-Tsurugi"" (Grass-Mowing Sword), one of the Three Sacred Treasures.",Sophia,日本武尊是日本神话中的英雄。他奉父亲景行天皇之命，讨伐了九州的熊袭兄弟和出云建。接着，他又被命令去平定东方的12个国家。日本武尊前往伊势，向阿姨倭姬命商量父亲严厉的命令。倭姬命交给他一把名剑和装有打火石的袋子。不久后抵达相模国（现在的神奈川附近）时，治理该地的官员用花言巧语将日本武尊诱骗到野外，企图放火烧死他。被逼入绝境的日本武尊拔出剑，将周围的草全部砍平。然后用打火石点燃迎面火，将敌人全部打倒。据说这个事件就是三神器之一“草薙剑”名字的由来。,,日本武尊是日本神話中的英雄。他奉父親景行天皇之命，討伐了九州的熊襲兄弟和出雲建。接著，他又被命令去平定東方的12個國家。日本武尊前往伊勢，向阿姨倭姬命商量父親嚴厲的命令。倭姬命交給他一把名劍和裝有打火石的袋子。不久後抵達相模國（現在的神奈川附近）時，治理該地的官員用花言巧語將日本武尊誘騙到野外，企圖放火燒死他。被逼入絕境的日本武尊拔出劍，將周圍的草全部砍平。然後用打火石點燃迎面火，將敵人全部打倒。據說這個事件就是三神器之一「草薙劍」名字的由來。,Sophia,"야마토타케루(日本武尊)는 일본 신화의 영웅입니다. 아버지인 게이코 천황(景行天皇)의 명령을 받아 규슈의 쿠마소(熊襲) 형제와 이즈모타케루(出雲建)를 쓰러뜨렸습니다. 다음으로는 동쪽에 있는 12개 국가를 평정하라는 명령을 받았습니다. 야마토타케루는 이세로 가서 고모인 야마토히메노미코토(倭姫命)에게 아버지의 이번 명령에 대한 조언을 구했습니다. 야마토히메노미코토는 명검과 부싯돌이 든 자루를 건네주었습니다. 이윽고 사가미 국(지금의 가나가와 주변)에 도착했을 때, 그 땅을 다스리는 관리가 교묘한 말로 야마토타케루를 들판으로 유인해 불을 질러 죽이려 했습니다. 궁지에 몰린 야마토타케루는 검을 뽑아 주변의 풀을 베어 냈습니다. 그리고 부싯돌로 맞불을 놓아 적을 모두 쓰러뜨렸습니다. 이 사건이 삼종의 신기 중 하나인 '쿠사나기의 검(草薙の剣)'이라는 이름의 유래라고 일컬어집니다.",,勇気,神話,戦い,日本神話,燃え広がる炎の中、剣で草をなぎ払い、向かい火で敵を倒す英雄。名剣「草薙の剣」誕生の瞬間。,21_2026_shitae_nibundan.png,https://drive.google.com/file/d/1FPXDTW-FsmeY-XDgtyzCaxu3MpgoBOz8/view?usp=drive_link,OK,,,,,
4,,鈴鹿山の鬼神伝説［すずかやまのきじんでんせつ］,サンロード青森,吉町　勇樹,"桓武天皇の時代、伊勢国鈴鹿山に大嶽丸［おおだけまる］という鬼神が峠を往来する民を襲い、恐れられていた。大嶽丸討伐の勅命を受けた坂上田村麻呂は三万騎の軍を率いて鈴鹿山に向かうも、大嶽丸が繰り出す幾多の神通力の前に苦戦を強いられてしまう。

そこで、田村麻呂は神仏に祈願したところ、夢の中に老翁が現れ、「大嶽丸を討つには鈴鹿御前の助力を得よ」と告げられる。

田村麻呂は全軍を都へ帰し、たった一人鈴鹿山を進むと、まだ十六歳ほどの見目麗しい女が現れ、「私は、大嶽丸を討伐する貴方を助けるために天下りました」と言った。この女こそが鈴鹿御前であった。

その後、姿を現した大嶽丸と、待ち構えていた田村麻呂は激戦を繰り広げる。大嶽丸は氷の如き剣を何百も投げつけたり、数千もの鬼に分身するなど様々な神通力をもって抵抗するも、最後は田村麻呂のソハヤノツルギによって首を落とされた。その後、鈴鹿山には平穏が戻り、田村麻呂と鈴鹿御前は夫婦として暮らしたという。",桓武天皇の時代、伊勢の国の鈴鹿山（すずかやま）に、大嶽丸（おおたけまる）という鬼神がいました。峠を通る人々を襲うので、みんなに恐れられていました。坂上田村麻呂（さかのうえのたむらまろ）は、天皇の命令で、3万の兵を連れて退治に向かいました。しかし、大嶽丸の不思議な力（神通力・じんつうりき）の前に、苦戦してしまいます。田村麻呂が神や仏に祈ると、夢の中に老人が現れて、「大嶽丸を倒すには、鈴鹿御前（すずかごぜん）の助けを借りなさい」と告げました。田村麻呂が軍を都へ帰し、たった一人で山を進むと、16歳くらいの美しい女性が現れました。「あなたを助けるために天から下りました」。この人こそ鈴鹿御前でした。その後、現れた大嶽丸と田村麻呂は激しく戦いました。大嶽丸は氷のような剣を何百も投げ、数千の鬼に分身しましたが、最後は田村麻呂の剣「ソハヤノツルギ」で首を落とされました。鈴鹿山に平和が戻り、田村麻呂と鈴鹿御前は夫婦になったと伝えられています。,"During the reign of Emperor Kanmu, there was a fierce demon named Otakemaru on Mount Suzuka in the province of Ise. Because he attacked people passing through the mountain pass, he was feared by everyone. On the Emperor's orders, Sakanoue no Tamuramaro led an army of 30,000 soldiers to vanquish him. However, they struggled against Otakemaru's mysterious powers (divine powers). When Tamuramaro prayed to the gods and Buddhas, an old man appeared in his dream and told him, ""To defeat Otakemaru, you must borrow the help of Suzuka Gozen."" Tamuramaro returned his army to the capital and proceeded up the mountain all alone, where a beautiful woman of about 16 years old appeared. ""I came down from heaven to help you."" This person was Suzuka Gozen. After that, Tamuramaro and the newly appeared Otakemaru fought fiercely. Otakemaru threw hundreds of ice-like swords and split into thousands of demons, but in the end, his head was cut off by Tamuramaro's sword, ""Sohaya-no-Tsurugi."" Peace returned to Mount Suzuka, and it is said that Tamuramaro and Suzuka Gozen became husband and wife.",Sophia,桓武天皇时代，在伊势国的铃鹿山上，有一个名叫大岳丸的鬼神。因为他会袭击经过山口的人，所以被大家所畏惧。坂上田村麻吕奉天皇之命，率领3万兵马前去讨伐。但是，在大岳丸不可思议的力量（神通力）面前陷入了苦战。田村麻吕向神佛祈祷时，梦中出现了一位老人，告诉他：“要打倒大岳丸，必须借用铃鹿御前的力量。”田村麻吕让军队返回都城，独自一人进山，这时出现了一位16岁左右的美丽女性。“我是为了帮助你从天而降的。”这个人正是铃鹿御前。之后，大岳丸出现，与田村麻吕展开了激烈的战斗。大岳丸投掷出数百把像冰一样的剑，并分身成数千个鬼，但最后被田村麻吕的剑“楚叶矢之剑”斩下首级。铃鹿山恢复了和平，据传田村麻吕和铃鹿御前也结为夫妻。,,桓武天皇時代，在伊勢國的鈴鹿山上，有一個名叫大嶽丸的鬼神。因為他會襲擊經過山口的人，所以被大家所畏懼。坂上田村麻呂奉天皇之命，率領3萬兵馬前去討伐。但是，在大嶽丸不可思議的力量（神通力）面前陷入了苦戰。田村麻呂向神佛祈禱時，夢中出現了一位老人，告訴他：「要打倒大嶽丸，必須借用鈴鹿御前的力量。」田村麻呂讓軍隊返回都城，獨自一人進山，這時出現了一位16歲左右的美麗女性。「我是為了幫助你所以從天而降的。」這個人正是鈴鹿御前。之後，大嶽丸出現，和田村麻呂展開了激烈的戰鬥。大嶽丸投擲出數百把像冰一樣的劍，並分身成數千個鬼，但最後被田村麻呂的劍「楚葉矢之劍」斬下首級。鈴鹿山恢復了和平，據傳田村麻呂和鈴鹿御前也結為夫妻。,Sophia,"간무 천황 시대, 이세 국의 스즈카야마(鈴鹿山)에 오타케마루(大嶽丸)라는 귀신이 있었습니다. 고개를 지나는 사람들을 습격했기 때문에 모두가 두려워했습니다. 사카노우에노 다무라마로(坂上田村麻呂)는 천황의 명령으로 3만의 군사를 이끌고 퇴치하러 향했습니다. 하지만 오타케마루의 불가사의한 힘(신통력) 앞에 고전을 면치 못합니다. 다무라마로가 신불에게 기도하자 꿈속에 노인이 나타나 '오타케마루를 쓰러뜨리려면 스즈카고젠(鈴鹿御前)의 도움을 빌리시오'라고 일러주었습니다. 다무라마로가 군대를 도읍으로 돌려보내고 홀로 산을 나아가자 16세가량의 아름다운 여성이 나타났습니다. '당신을 돕기 위해 하늘에서 내려왔습니다'. 이 사람이 바로 스즈카고젠이었습니다. 그 후 나타난 오타케마루와 다무라마로는 격렬하게 싸웠습니다. 오타케마루는 얼음 같은 검을 수백 개를 던지고 수천 명의 도깨비로 분신했지만, 마지막에는 다무라마로의 검 '소하야노츠루기'에 목이 베였습니다. 스즈카야마에 평화가 찾아왔고, 다무라마로와 스즈카고젠은 부부가 되었다고 전해집니다.",,勇気,民話,戦い,平安時代,氷の剣を何百も投げ、数千に分身する鬼神・大嶽丸との激闘。鈴鹿御前の助けを得た田村麻呂の勇姿。,22_2026_shitae_sunroad.png,https://drive.google.com/file/d/1MEy-6DuIWQF-7bIWRGN49dImR4_gmIXm/view?usp=drive_link,OK,,,,,
16,,十三の海鳴り・安東新九郎季兼、巌鬼山詣で［とさのうみなり・あんどうしんくろうすえかね、がんきさんもうで］,青森市役所ねぶた実行委員会,福士　裕朗,"鎌倉末期から南北朝時代、蝦夷管領 安東季長［あんどうすえなが］の三男、安東新九郎季兼［あんどうしんくろうすえかね］は、父に呼び出され、出羽の叛乱鎮圧を命じられる。

ことの首謀者で幕府方を標榜する叔父の安東五郎季久［あんどうごろうすえひさ］に対し、天皇方と手を組み、討幕を目論む季長。

一族や領地の垣根を越えて、北朝と南朝に分かれて争う時代の波は東北にも広がり、大規模な時代の流れとなる。

その動乱の中、朝廷より落ち延びてきた護良親王［もりよししんのう］が、十三湊［とさみなと］に辿り着いた。

父の命により、新九郎は護良親王を丁重に受入れ、しばらくの間、行動を共にする。

ある日、二人は巌鬼山の神社に参拝に出掛け、そこで、この動乱が鎮まり、一日も早く安寧の世が訪れることを祈願する。

ねぶたは巌鬼山に住む鬼と新九郎が大自然岩木山の神に動乱終息を祈願する場面を表したものである。",鎌倉時代の終わりから南北朝時代の、津軽の豪族・安東氏の話です。安東新九郎季兼（あんどうしんくろうすえかね）は、父に呼び出されて、出羽（でわ、今の秋田・山形のあたり）の反乱を鎮めるよう命じられました。当時、日本中が北朝と南朝の二つに分かれて争っていました。その戦いの波は、一族や領地の垣根を越えて、東北にも広がっていました。その動乱の中、都から逃れてきた護良親王（もりよししんのう）が、十三湊（とさみなと）にたどり着きました。新九郎は父の命令で、親王を丁重に迎え、しばらく一緒に行動しました。ある日、二人は巌鬼山（がんきさん）の神社にお参りに行きました。そこで、この動乱が鎮まり、一日も早く平和な世の中が来ることを祈りました。このねぶたは、巌鬼山に住む鬼と新九郎が、大自然・岩木山（いわきさん）の神に、争いが終わることを祈る場面です。,"This is a story of the Ando clan, a powerful local family in Tsugaru, from the end of the Kamakura period to the Nanboku-cho period. Ando Shinkuro Suekane was called by his father and ordered to suppress a rebellion in Dewa (around present-day Akita and Yamagata). At the time, all of Japan was divided into the Northern and Southern Courts, engaging in conflict. The waves of that battle spread across clan and territorial borders and reached the Tohoku region. Amidst that turmoil, Prince Moriyoshi, who had fled the capital, arrived at Tosaminato. On his father's orders, Shinkuro respectfully welcomed the Prince and they acted together for a while. One day, the two went to pray at a shrine on Mount Ganki. There, they prayed for the turmoil to settle and for a peaceful world to arrive as soon as possible. This Nebuta depicts the scene where the demon living on Mount Ganki and Shinkuro pray to the god of the great nature, Mount Iwaki, for the conflict to end.",Sophia,这是从镰仓时代末期到南北朝时代，津轻的豪族安东氏的故事。安东新九郎季兼被父亲召唤，奉命去镇压出羽（现在的秋田、山形一带）的叛乱。当时，全日本分为南北两朝进行争斗。战火的波澜跨越了家族和领地的界线，也蔓延到了东北地区。在那场动乱中，从都城逃出来的护良亲王抵达了十三凑。新九郎奉父亲之命，郑重地迎接了亲王，并暂时与他一起行动。有一天，两人前往岩鬼山的神社参拜。在那里，他们祈求这场动乱早日平息，和平的世界能早一天到来。这座睡魔灯笼表现的是住在岩鬼山的鬼和新九郎，向大自然岩木山的神明祈求争斗结束的场景。,,這是從鎌倉時代末期到南北朝時代，津輕的豪族安東氏的故事。安東新九郎季兼被父親召喚，奉命去鎮壓出羽（現在的秋田、山形一帶）的叛亂。當時，全日本分為南北兩朝進行爭鬥。戰亂跨越了家族和領地的界線，也蔓延到了東北地區。在那場動亂中，從都城逃出來的護良親王抵達了十三湊。新九郎奉父親之命，鄭重地迎接了親王，並暫時與他一起行動。有一天，兩人前往巖鬼山的神社參拜。在那裡，他們祈求這場動亂早日平息，和平的世界能早一天到來。這座睡魔燈籠表現的是住在巖鬼山的鬼和新九郎，向大自然岩木山的神明祈求爭鬥結束的場景。,Sophia,"가마쿠라 시대 말기에서 남북조 시대에 이르는 쓰가루의 호족 안도씨(安東氏)의 이야기입니다. 안도 신쿠로 스에카네(安東新九郎季兼)는 아버지의 호출을 받고 데와(出羽, 지금의 아키타, 야마가타 주변)의 반란을 진압하라는 명령을 받았습니다. 당시 일본 전역이 북조와 남조 둘로 나뉘어 다투고 있었습니다. 그 전쟁의 파도는 일족과 영지의 장벽을 넘어 도호쿠까지 번져 있었습니다. 그 동란 속에서 도읍에서 도망쳐 온 모리요시 친왕(護良親王)이 주산미나토(十三湊)에 당도했습니다. 신쿠로는 아버지의 명령으로 친왕을 정중히 맞이하여 한동안 함께 행동했습니다. 어느 날, 두 사람은 간키산(巌鬼山)의 신사로 참배를 갔습니다. 그곳에서 이 동란이 가라앉고 하루빨리 평화로운 세상이 오기를 기도했습니다. 이 네부타는 간키산에 사는 도깨비와 신쿠로가 대자연 이와키산(岩木山)의 신에게 다툼이 끝나기를 기도하는 장면입니다.",,平和,歴史,祈り,南北朝鮮時代,岩木山の神に争いの終わりを祈る新九郎と巌鬼山の鬼。動乱の世に平和を願う、静かで荘厳な祈りの場面。,23_2026_shitae_shiyakusho.png,https://drive.google.com/file/d/1lrRnCO7f7YMhPk5SVnR06IXo90PYVjH0/view?usp=drive_link,OK,,,,,